ID,SVL,Population,Colour,BodyRegion,Background,dS,dL
m101,111,Hawaii,Courtship,gular,Leaf_B1,0.750029064,35.9003371
m101,111,Hawaii,Courtship,gular,Leaf_B2,1.629486343,35.9940408
m101,111,Hawaii,Courtship,gular,Leaf_T1,5.231387194,57.8353767
m101,111,Hawaii,Courtship,gular,Leaf_T2,2.906851607,56.3127576
m101,111,Hawaii,Courtship,gular,Stem1,2.540156996,37.9364221
m101,111,Hawaii,Courtship,gular,Stem2,1.590935751,43.3611807
m101,111,Hawaii,Courtship,midflank,Leaf_B1,3.391144367,30.1761307
m101,111,Hawaii,Courtship,midflank,Leaf_B2,5.036293451,30.2698344
m101,111,Hawaii,Courtship,midflank,Leaf_T1,3.040992724,52.1111703
m101,111,Hawaii,Courtship,midflank,Leaf_T2,3.59729227,50.5885513
m101,111,Hawaii,Courtship,midflank,Stem1,5.619898595,32.2122157
m101,111,Hawaii,Courtship,midflank,Stem2,4.89165672,37.6369744
m101,111,Hawaii,Courtship,tailbase,Leaf_B1,1.867406823,17.7303437
m101,111,Hawaii,Courtship,tailbase,Leaf_B2,1.623649556,17.8240474
m101,111,Hawaii,Courtship,tailbase,Leaf_T1,6.527969471,39.6653834
m101,111,Hawaii,Courtship,tailbase,Leaf_T2,4.140307009,38.1427643
m101,111,Hawaii,Courtship,tailbase,Stem1,1.527201112,19.7664287
m101,111,Hawaii,Courtship,tailbase,Stem2,0.726495616,25.1911874
m101b,108,Hawaii,Courtship,gular,Leaf_B1,3.707745743,32.359635
m101b,108,Hawaii,Courtship,gular,Leaf_B2,2.413202275,32.4533387
m101b,108,Hawaii,Courtship,gular,Leaf_T1,8.170930615,54.2946747
m101b,108,Hawaii,Courtship,gular,Leaf_T2,5.323343011,52.7720556
m101b,108,Hawaii,Courtship,gular,Stem1,2.562002788,34.39572
m101b,108,Hawaii,Courtship,gular,Stem2,2.478712484,39.8204787
m101b,108,Hawaii,Courtship,midflank,Leaf_B1,4.343485908,28.6137588
m101b,108,Hawaii,Courtship,midflank,Leaf_B2,5.962568621,28.7074625
m101b,108,Hawaii,Courtship,midflank,Leaf_T1,2.29516144,50.5487985
m101b,108,Hawaii,Courtship,midflank,Leaf_T2,3.904012176,49.0261794
m101b,108,Hawaii,Courtship,midflank,Stem1,6.692793245,30.6498438
m101b,108,Hawaii,Courtship,midflank,Stem2,5.970605238,36.0746025
m101b,108,Hawaii,Courtship,tailbase,Leaf_B1,3.30190161,9.4658718
m101b,108,Hawaii,Courtship,tailbase,Leaf_B2,2.358238571,9.5595755
m101b,108,Hawaii,Courtship,tailbase,Leaf_T1,7.970202335,31.4009114
m101b,108,Hawaii,Courtship,tailbase,Leaf_T2,5.413817089,29.8782923
m101b,108,Hawaii,Courtship,tailbase,Stem1,0.623319085,11.5019568
m101b,108,Hawaii,Courtship,tailbase,Stem2,1.497137101,16.9267154
m101b,108,Hawaii,Courtship,topflank,Leaf_B1,3.004230966,22.0317958
m101b,108,Hawaii,Courtship,topflank,Leaf_B2,4.643432074,22.1254995
m101b,108,Hawaii,Courtship,topflank,Leaf_T1,3.541156431,43.9668355
m101b,108,Hawaii,Courtship,topflank,Leaf_T2,3.628210221,42.4442164
m101b,108,Hawaii,Courtship,topflank,Stem1,5.131297317,24.0678808
m101b,108,Hawaii,Courtship,topflank,Stem2,4.391015277,29.4926395
m101c,136,Hawaii,Courtship,gular,Leaf_B1,1.021244915,22.3200657
m101c,136,Hawaii,Courtship,gular,Leaf_B2,2.685695323,22.4137694
m101c,136,Hawaii,Courtship,gular,Leaf_T1,3.961182469,44.2551053
m101c,136,Hawaii,Courtship,gular,Leaf_T2,2.252994356,42.7324862
m101c,136,Hawaii,Courtship,gular,Stem1,3.546259226,24.3561507
m101c,136,Hawaii,Courtship,gular,Stem2,2.720094644,29.7809093
m101c,136,Hawaii,Courtship,midflank,Leaf_B1,2.252703242,28.1499413
m101c,136,Hawaii,Courtship,midflank,Leaf_B2,3.841934326,28.243645
m101c,136,Hawaii,Courtship,midflank,Leaf_T1,3.921738363,50.0849809
m101c,136,Hawaii,Courtship,midflank,Leaf_T2,3.224525773,48.5623618
m101c,136,Hawaii,Courtship,midflank,Stem1,4.516089633,30.1860263
m101c,136,Hawaii,Courtship,midflank,Stem2,3.640420718,35.6107849
m101c,136,Hawaii,Courtship,tailbase,Leaf_B1,2.549777987,12.8297968
m101c,136,Hawaii,Courtship,tailbase,Leaf_B2,2.223238061,12.9235005
m101c,136,Hawaii,Courtship,tailbase,Leaf_T1,6.921160158,34.7648365
m101c,136,Hawaii,Courtship,tailbase,Leaf_T2,4.554931719,33.2422174
m101c,136,Hawaii,Courtship,tailbase,Stem1,2.41012681,14.8658818
m101c,136,Hawaii,Courtship,tailbase,Stem2,1.766733653,20.2906405
m101c,136,Hawaii,Courtship,topflank,Leaf_B1,1.632829434,1.1340214
m101c,136,Hawaii,Courtship,topflank,Leaf_B2,1.766709536,1.2277251
m101c,136,Hawaii,Courtship,topflank,Leaf_T1,6.132392874,23.0690611
m101c,136,Hawaii,Courtship,topflank,Leaf_T2,3.83673499,21.546442
m101c,136,Hawaii,Courtship,topflank,Stem1,2.106418608,3.1701064
m101c,136,Hawaii,Courtship,topflank,Stem2,1.221044516,8.5948651
m104,112,Hawaii,Courtship,gular,Leaf_B1,7.567657786,26.9238677
m104,112,Hawaii,Courtship,gular,Leaf_B2,9.104820981,27.0175714
m104,112,Hawaii,Courtship,gular,Leaf_T1,4.055865347,48.8589073
m104,112,Hawaii,Courtship,gular,Leaf_T2,6.68887949,47.3362882
m104,112,Hawaii,Courtship,gular,Stem1,9.792467331,28.9599527
m104,112,Hawaii,Courtship,gular,Stem2,9.160338726,34.3847113
m104,112,Hawaii,Courtship,midflank,Leaf_B1,4.349390234,31.2213743
m104,112,Hawaii,Courtship,midflank,Leaf_B2,5.908092331,31.3150781
m104,112,Hawaii,Courtship,midflank,Leaf_T1,3.203701622,53.156414
m104,112,Hawaii,Courtship,midflank,Leaf_T2,4.293851337,51.6337949
m104,112,Hawaii,Courtship,midflank,Stem1,6.398391274,33.2574594
m104,112,Hawaii,Courtship,midflank,Stem2,5.777729129,38.682218
m104,112,Hawaii,Courtship,tailbase,Leaf_B1,2.616240617,35.6332122
m104,112,Hawaii,Courtship,tailbase,Leaf_B2,1.53019327,35.7269159
m104,112,Hawaii,Courtship,tailbase,Leaf_T1,7.285289999,57.5682519
m104,112,Hawaii,Courtship,tailbase,Leaf_T2,4.612481325,56.0456328
m104,112,Hawaii,Courtship,tailbase,Stem1,0.274456079,37.6692972
m104,112,Hawaii,Courtship,tailbase,Stem2,0.914870792,43.0940559
m104,112,Hawaii,Courtship,topflank,Leaf_B1,1.973780011,23.8253857
m104,112,Hawaii,Courtship,topflank,Leaf_B2,3.399786461,23.9190894
m104,112,Hawaii,Courtship,topflank,Leaf_T1,4.530257876,45.7604253
m104,112,Hawaii,Courtship,topflank,Leaf_T2,3.431711808,44.2378062
m104,112,Hawaii,Courtship,topflank,Stem1,3.63856801,25.8614707
m104,112,Hawaii,Courtship,topflank,Stem2,2.994685501,31.2862293
m108,,Kenya,Courtship,gular,Leaf_B1,2.737771051,22.2351652
m108,,Kenya,Courtship,gular,Leaf_B2,3.054182718,23.5538726
m108,,Kenya,Courtship,gular,Leaf_T1,4.965214288,37.8890118
m108,,Kenya,Courtship,gular,Leaf_T2,3.340553159,38.9648207
m108,,Kenya,Courtship,gular,Stem1,4.755491417,32.8037103
m108,,Kenya,Courtship,gular,Stem2,5.383987835,23.8340549
m108,,Kenya,Courtship,midflank,Leaf_B1,5.568448531,14.8398169
m108,,Kenya,Courtship,midflank,Leaf_B2,4.751199601,16.1585243
m108,,Kenya,Courtship,midflank,Leaf_T1,1.833285054,30.4936635
m108,,Kenya,Courtship,midflank,Leaf_T2,4.226737368,31.5694724
m108,,Kenya,Courtship,midflank,Stem1,5.356673621,25.4083621
m108,,Kenya,Courtship,midflank,Stem2,5.666865486,16.4387066
m108,,Kenya,Courtship,midflank,Leaf_B1,7.929217873,19.5912688
m108,,Kenya,Courtship,midflank,Leaf_B2,7.106219371,20.9099762
m108,,Kenya,Courtship,midflank,Leaf_T1,4.15265761,35.2451154
m108,,Kenya,Courtship,midflank,Leaf_T2,6.575619801,36.3209242
m108,,Kenya,Courtship,midflank,Stem1,7.458241851,30.1598139
m108,,Kenya,Courtship,midflank,Stem2,7.637126697,21.1901584
m108,,Kenya,Courtship,tailbase,Leaf_B1,0.689114431,5.436921
m108,,Kenya,Courtship,tailbase,Leaf_B2,1.429826712,6.7556283
m108,,Kenya,Courtship,tailbase,Leaf_T1,4.414912634,21.0907676
m108,,Kenya,Courtship,tailbase,Leaf_T2,1.926549998,22.1665764
m108,,Kenya,Courtship,tailbase,Stem1,2.722055821,16.0054661
m108,,Kenya,Courtship,tailbase,Stem2,3.481691954,7.0358106
m108,,Kenya,Courtship,topflank,Leaf_B1,3.914186349,4.4920244
m108,,Kenya,Courtship,topflank,Leaf_B2,3.181392957,5.8107317
m108,,Kenya,Courtship,topflank,Leaf_T1,1.121590224,20.1458709
m108,,Kenya,Courtship,topflank,Leaf_T2,2.540242869,21.2216798
m108,,Kenya,Courtship,topflank,Stem1,3.634276217,15.0605695
m108,,Kenya,Courtship,topflank,Stem2,4.226811041,6.090914
m11b,,Kenya,Courtship,gular,Leaf_B1,5.208951744,29.6986833
m11b,,Kenya,Courtship,gular,Leaf_B2,4.397137062,31.0173906
m11b,,Kenya,Courtship,gular,Leaf_T1,1.617986798,45.3525299
m11b,,Kenya,Courtship,gular,Leaf_T2,3.924033252,46.4283387
m11b,,Kenya,Courtship,gular,Stem1,5.231625183,40.2672284
m11b,,Kenya,Courtship,gular,Stem2,5.547329273,31.2975729
m11b,,Kenya,Courtship,midflank,Leaf_B1,7.028818686,26.8378516
m11b,,Kenya,Courtship,midflank,Leaf_B2,6.162904357,28.1565589
m11b,,Kenya,Courtship,midflank,Leaf_T1,3.894806065,42.4916982
m11b,,Kenya,Courtship,midflank,Leaf_T2,5.807186442,43.567507
m11b,,Kenya,Courtship,midflank,Stem1,6.381565534,37.4063967
m11b,,Kenya,Courtship,midflank,Stem2,6.309961265,28.4367412
m11b,,Kenya,Courtship,tailbase,Leaf_B1,2.638716757,0.7963685
m11b,,Kenya,Courtship,tailbase,Leaf_B2,2.632202766,2.1150758
m11b,,Kenya,Courtship,tailbase,Leaf_T1,4.753205299,16.4502151
m11b,,Kenya,Courtship,tailbase,Leaf_T2,3.140207611,17.5260239
m11b,,Kenya,Courtship,tailbase,Stem1,4.096514792,11.3649136
m11b,,Kenya,Courtship,tailbase,Stem2,4.366321844,2.3952581
m11b,,Kenya,Courtship,topflank,Leaf_B1,4.176546496,13.5962349
m11b,,Kenya,Courtship,topflank,Leaf_B2,3.33287545,14.9149422
m11b,,Kenya,Courtship,topflank,Leaf_T1,1.327948725,29.2500815
m11b,,Kenya,Courtship,topflank,Leaf_T2,2.923235697,30.3258903
m11b,,Kenya,Courtship,topflank,Stem1,4.089705271,24.16478
m11b,,Kenya,Courtship,topflank,Stem2,4.386998394,15.1951245
m13,130,Kenya,Courtship,gular,Leaf_B1,6.55911394,19.4521786
m13,130,Kenya,Courtship,gular,Leaf_B2,5.72503812,20.7708859
m13,130,Kenya,Courtship,gular,Leaf_T1,3.033597429,35.1060252
m13,130,Kenya,Courtship,gular,Leaf_T2,5.225910936,36.181834
m13,130,Kenya,Courtship,gular,Stem1,5.978513432,30.0207237
m13,130,Kenya,Courtship,gular,Stem2,6.141239572,21.0510682
m13,130,Kenya,Courtship,midflank,Leaf_B1,6.935078551,22.9278254
m13,130,Kenya,Courtship,midflank,Leaf_B2,6.072461242,24.2465328
m13,130,Kenya,Courtship,midflank,Leaf_T1,3.964829,38.581672
m13,130,Kenya,Courtship,midflank,Leaf_T2,5.726358771,39.6574808
m13,130,Kenya,Courtship,midflank,Stem1,6.126701,33.4963705
m13,130,Kenya,Courtship,midflank,Stem2,6.014178326,24.526715
m13,130,Kenya,Courtship,tailbase,Leaf_B1,1.33079786,7.2262432
m13,130,Kenya,Courtship,tailbase,Leaf_B2,1.319441724,8.5449506
m13,130,Kenya,Courtship,tailbase,Leaf_T1,3.935923976,22.8800898
m13,130,Kenya,Courtship,tailbase,Leaf_T2,1.861211427,23.9558987
m13,130,Kenya,Courtship,tailbase,Stem1,2.94275526,17.7947883
m13,130,Kenya,Courtship,tailbase,Stem2,3.463276799,8.8251328
m13,130,Kenya,Courtship,topflank,Leaf_B1,4.869720879,13.81636
m13,130,Kenya,Courtship,topflank,Leaf_B2,4.019471608,15.1350673
m13,130,Kenya,Courtship,topflank,Leaf_T1,2.08034162,29.4702066
m13,130,Kenya,Courtship,topflank,Leaf_T2,3.698342619,30.5460154
m13,130,Kenya,Courtship,topflank,Stem1,4.727722459,24.3849051
m13,130,Kenya,Courtship,topflank,Stem2,4.861803393,15.4152496
m13,130,Kenya,Courtship,topflank,Leaf_B1,5.380247044,6.8755996
m13,130,Kenya,Courtship,topflank,Leaf_B2,4.528266555,8.194307
m13,130,Kenya,Courtship,topflank,Leaf_T1,2.10114832,22.5294462
m13,130,Kenya,Courtship,topflank,Leaf_T2,4.109218378,23.6052551
m13,130,Kenya,Courtship,topflank,Stem1,5.063065799,17.4441447
m13,130,Kenya,Courtship,topflank,Stem2,5.230807695,8.4744893
m17a,125,Kenya,Courtship,gular,Leaf_B1,1.189295723,22.1879958
m17a,125,Kenya,Courtship,gular,Leaf_B2,1.040115624,23.5067032
m17a,125,Kenya,Courtship,gular,Leaf_T1,3.439104748,37.8418424
m17a,125,Kenya,Courtship,gular,Leaf_T2,0.988002916,38.9176513
m17a,125,Kenya,Courtship,gular,Stem1,1.494999491,32.7565409
m17a,125,Kenya,Courtship,gular,Stem2,2.564275584,23.7868855
m17a,125,Kenya,Courtship,midflank,Leaf_B1,4.459214514,20.2432803
m17a,125,Kenya,Courtship,midflank,Leaf_B2,3.605454308,21.5619877
m17a,125,Kenya,Courtship,midflank,Leaf_T1,1.588224651,35.8971269
m17a,125,Kenya,Courtship,midflank,Leaf_T2,3.185980292,36.9729358
m17a,125,Kenya,Courtship,midflank,Stem1,4.098819078,30.8118254
m17a,125,Kenya,Courtship,midflank,Stem2,4.333868808,21.84217
m17a,125,Kenya,Courtship,tailbase,Leaf_B1,2.109679089,15.0666186
m17a,125,Kenya,Courtship,tailbase,Leaf_B2,2.70737002,16.385326
m17a,125,Kenya,Courtship,tailbase,Leaf_T1,5.617917681,30.7204652
m17a,125,Kenya,Courtship,tailbase,Leaf_T2,3.306956476,31.7962741
m17a,125,Kenya,Courtship,tailbase,Stem1,3.831963521,25.6351637
m17a,125,Kenya,Courtship,tailbase,Stem2,4.299898225,16.6655083
m17a,125,Kenya,Courtship,topflank,Leaf_B1,2.024840207,12.4452793
m17a,125,Kenya,Courtship,topflank,Leaf_B2,1.238271066,13.7639867
m17a,125,Kenya,Courtship,topflank,Leaf_T1,2.108084319,28.0991259
m17a,125,Kenya,Courtship,topflank,Leaf_T2,0.88645911,29.1749348
m17a,125,Kenya,Courtship,topflank,Stem1,2.655588977,23.0138244
m17a,125,Kenya,Courtship,topflank,Stem2,3.300923397,14.044169
m17b,,Kenya,Courtship,gular,Leaf_B1,2.103020518,14.8591079
m17b,,Kenya,Courtship,gular,Leaf_B2,1.717881069,16.1778152
m17b,,Kenya,Courtship,gular,Leaf_T1,2.396633018,30.5129544
m17b,,Kenya,Courtship,gular,Leaf_T2,1.345113711,31.5887633
m17b,,Kenya,Courtship,gular,Stem1,3.452243094,25.427653
m17b,,Kenya,Courtship,gular,Stem2,4.255677991,16.4579975
m17b,,Kenya,Courtship,midflank,Leaf_B1,7.181255013,17.3121949
m17b,,Kenya,Courtship,midflank,Leaf_B2,6.326334741,18.6309022
m17b,,Kenya,Courtship,midflank,Leaf_T1,3.747630288,32.9660414
m17b,,Kenya,Courtship,midflank,Leaf_T2,5.892008975,34.0418503
m17b,,Kenya,Courtship,midflank,Stem1,6.590584961,27.88074
m17b,,Kenya,Courtship,midflank,Stem2,6.630591074,18.9110845
m17b,,Kenya,Courtship,tailbase,Leaf_B1,0.58511972,12.0635295
m17b,,Kenya,Courtship,tailbase,Leaf_B2,0.539258219,13.3822369
m17b,,Kenya,Courtship,tailbase,Leaf_T1,3.752369992,27.7173761
m17b,,Kenya,Courtship,tailbase,Leaf_T2,1.25283376,28.793185
m17b,,Kenya,Courtship,tailbase,Stem1,2.023707446,22.6320746
m17b,,Kenya,Courtship,tailbase,Stem2,2.716106774,13.6624192
m17b,,Kenya,Courtship,topflank,Leaf_B1,2.367712439,5.2925598
m17b,,Kenya,Courtship,topflank,Leaf_B2,1.727400379,3.9738524
m17b,,Kenya,Courtship,topflank,Leaf_T1,2.104595031,10.3612868
m17b,,Kenya,Courtship,topflank,Leaf_T2,1.088443351,11.4370956
m17b,,Kenya,Courtship,topflank,Stem1,2.264426876,5.2759853
m17b,,Kenya,Courtship,topflank,Stem2,3.107703906,3.6936702
m18c,123,Kenya,Courtship,gular,Leaf_B1,4.415709958,17.0659761
m18c,123,Kenya,Courtship,gular,Leaf_B2,3.632915539,18.3846835
m18c,123,Kenya,Courtship,gular,Leaf_T1,0.66625063,32.7198227
m18c,123,Kenya,Courtship,gular,Leaf_T2,3.081915492,33.7956316
m18c,123,Kenya,Courtship,gular,Stem1,4.513739339,27.6345213
m18c,123,Kenya,Courtship,gular,Stem2,4.979468772,18.6648658
m18c,123,Kenya,Courtship,midflank,Leaf_B1,10.19090358,16.5699138
m18c,123,Kenya,Courtship,midflank,Leaf_B2,9.359378375,17.8886212
m18c,123,Kenya,Courtship,midflank,Leaf_T1,6.50360156,32.2237604
m18c,123,Kenya,Courtship,midflank,Leaf_T2,8.847671434,33.2995693
m18c,123,Kenya,Courtship,midflank,Stem1,9.492873124,27.1384589
m18c,123,Kenya,Courtship,midflank,Stem2,9.547369601,18.1688035
m18c,123,Kenya,Courtship,tailbase,Leaf_B1,2.151334866,4.4521941
m18c,123,Kenya,Courtship,tailbase,Leaf_B2,1.920310877,5.7709015
m18c,123,Kenya,Courtship,tailbase,Leaf_T1,3.426151271,20.1060407
m18c,123,Kenya,Courtship,tailbase,Leaf_T2,2.098813144,21.1818496
m18c,123,Kenya,Courtship,tailbase,Stem1,3.741054657,15.0207392
m18c,123,Kenya,Courtship,tailbase,Stem2,4.297559004,6.0510838
m18c,123,Kenya,Courtship,topflank,Leaf_B1,6.291861567,4.0198593
m18c,123,Kenya,Courtship,topflank,Leaf_B2,5.537844451,5.3385667
m18c,123,Kenya,Courtship,topflank,Leaf_T1,2.37870567,19.6737059
m18c,123,Kenya,Courtship,topflank,Leaf_T2,4.978683304,20.7495147
m18c,123,Kenya,Courtship,topflank,Stem1,6.446605578,14.5884044
m18c,123,Kenya,Courtship,topflank,Stem2,6.859661584,5.6187489
m19c,128,Kenya,Courtship,gular,Leaf_B1,5.043871435,11.9757368
m19c,128,Kenya,Courtship,gular,Leaf_B2,4.23598048,13.2944442
m19c,128,Kenya,Courtship,gular,Leaf_T1,1.855441548,27.6295834
m19c,128,Kenya,Courtship,gular,Leaf_T2,3.702510407,28.7053923
m19c,128,Kenya,Courtship,gular,Stem1,4.459254965,22.544282
m19c,128,Kenya,Courtship,gular,Stem2,4.770192565,13.5746265
m19c,128,Kenya,Courtship,gular,Leaf_B1,4.418976582,21.5896643
m19c,128,Kenya,Courtship,gular,Leaf_B2,3.642188294,22.9083717
m19c,128,Kenya,Courtship,gular,Leaf_T1,0.598569177,37.2435109
m19c,128,Kenya,Courtship,gular,Leaf_T2,3.059261445,38.3193197
m19c,128,Kenya,Courtship,gular,Stem1,4.437227308,32.1582094
m19c,128,Kenya,Courtship,gular,Stem2,4.927160882,23.1885539
m19c,128,Kenya,Courtship,midflank,Leaf_B1,10.50643226,15.9428278
m19c,128,Kenya,Courtship,midflank,Leaf_B2,9.673829273,17.2615352
m19c,128,Kenya,Courtship,midflank,Leaf_T1,6.698911664,31.5966744
m19c,128,Kenya,Courtship,midflank,Leaf_T2,9.168313144,32.6724833
m19c,128,Kenya,Courtship,midflank,Stem1,10.03406531,26.511373
m19c,128,Kenya,Courtship,midflank,Stem2,10.11864181,17.5417175
m19c,128,Kenya,Courtship,midflank,Leaf_B1,8.068259546,14.8814973
m19c,128,Kenya,Courtship,midflank,Leaf_B2,7.266389843,16.2002046
m19c,128,Kenya,Courtship,midflank,Leaf_T1,4.159665973,30.5353439
m19c,128,Kenya,Courtship,midflank,Leaf_T2,6.726332889,31.6111527
m19c,128,Kenya,Courtship,midflank,Stem1,7.885653374,25.4500424
m19c,128,Kenya,Courtship,midflank,Stem2,8.138548993,16.4803869
m19c,128,Kenya,Courtship,tailbase,Leaf_B1,1.713096526,1.5449991
m19c,128,Kenya,Courtship,tailbase,Leaf_B2,2.088478547,2.8637065
m19c,128,Kenya,Courtship,tailbase,Leaf_T1,4.221596791,17.1988457
m19c,128,Kenya,Courtship,tailbase,Leaf_T2,2.294148608,18.2746546
m19c,128,Kenya,Courtship,tailbase,Stem1,3.777916317,12.1135442
m19c,128,Kenya,Courtship,tailbase,Stem2,4.561934596,3.1438888
m19c,128,Kenya,Courtship,tailbase,Leaf_B1,2.536150599,11.1813982
m19c,128,Kenya,Courtship,tailbase,Leaf_B2,2.999913545,12.5001056
m19c,128,Kenya,Courtship,tailbase,Leaf_T1,5.30234628,26.8352448
m19c,128,Kenya,Courtship,tailbase,Leaf_T2,3.390590145,27.9110536
m19c,128,Kenya,Courtship,tailbase,Stem1,4.54810319,21.7499433
m19c,128,Kenya,Courtship,tailbase,Stem2,5.154533872,12.7802878
m19c,128,Kenya,Courtship,topflank,Leaf_B1,7.737448249,9.100673
m19c,128,Kenya,Courtship,topflank,Leaf_B2,6.953487593,10.4193804
m19c,128,Kenya,Courtship,topflank,Leaf_T1,3.821255408,24.7545196
m19c,128,Kenya,Courtship,topflank,Leaf_T2,6.412766154,25.8303284
m19c,128,Kenya,Courtship,topflank,Stem1,7.709811948,19.6692181
m19c,128,Kenya,Courtship,topflank,Stem2,8.011397392,10.6995626
m19c,128,Kenya,Courtship,topflank,Leaf_B1,6.273537132,9.8372343
m19c,128,Kenya,Courtship,topflank,Leaf_B2,5.529340828,11.1559416
m19c,128,Kenya,Courtship,topflank,Leaf_T1,2.30652506,25.4910809
m19c,128,Kenya,Courtship,topflank,Leaf_T2,4.940275404,26.5668897
m19c,128,Kenya,Courtship,topflank,Stem1,6.397839576,20.4057794
m19c,128,Kenya,Courtship,topflank,Stem2,6.844570645,11.4361239
m203,,Kenya,Courtship,gular,Leaf_B1,5.041362335,16.69708
m203,,Kenya,Courtship,gular,Leaf_B2,4.235145523,18.0157874
m203,,Kenya,Courtship,gular,Leaf_T1,1.298376789,32.3509266
m203,,Kenya,Courtship,gular,Leaf_T2,3.690715024,33.4267354
m203,,Kenya,Courtship,gular,Stem1,4.895521338,27.2656251
m203,,Kenya,Courtship,gular,Stem2,5.272377966,18.2959696
m203,,Kenya,Courtship,midflank,Leaf_B1,6.037342667,10.3766906
m203,,Kenya,Courtship,midflank,Leaf_B2,5.252376319,11.695398
m203,,Kenya,Courtship,midflank,Leaf_T1,2.6637272,26.0305372
m203,,Kenya,Courtship,midflank,Leaf_T2,4.685746919,27.106346
m203,,Kenya,Courtship,midflank,Stem1,5.361674121,20.9452357
m203,,Kenya,Courtship,midflank,Stem2,5.654792552,11.9755802
m203,,Kenya,Courtship,tailbase,Leaf_B1,1.88985404,4.3053192
m203,,Kenya,Courtship,tailbase,Leaf_B2,1.051969059,2.9866118
m203,,Kenya,Courtship,tailbase,Leaf_T1,2.391356942,11.3485274
m203,,Kenya,Courtship,tailbase,Leaf_T2,0.908546592,12.4243363
m203,,Kenya,Courtship,tailbase,Stem1,2.410565562,6.263226
m203,,Kenya,Courtship,tailbase,Stem2,2.992789032,2.7064295
m203,,Kenya,Courtship,topflank,Leaf_B1,3.131944764,2.3238358
m203,,Kenya,Courtship,topflank,Leaf_B2,2.464946196,3.6425432
m203,,Kenya,Courtship,topflank,Leaf_T1,1.48274561,17.9776824
m203,,Kenya,Courtship,topflank,Leaf_T2,1.782432045,19.0534912
m203,,Kenya,Courtship,topflank,Stem1,2.996038236,12.8923809
m203,,Kenya,Courtship,topflank,Stem2,3.746079564,3.9227254
m20b,,Kenya,Courtship,gular,Leaf_B1,4.656298259,20.0547558
m20b,,Kenya,Courtship,gular,Leaf_B2,3.84059234,21.3734632
m20b,,Kenya,Courtship,gular,Leaf_T1,1.273349137,35.7086024
m20b,,Kenya,Courtship,gular,Leaf_T2,3.303694667,36.7844113
m20b,,Kenya,Courtship,gular,Stem1,4.325841946,30.6233009
m20b,,Kenya,Courtship,gular,Stem2,4.693082305,21.6536454
m20b,,Kenya,Courtship,gular,Leaf_B1,5.015287924,20.2548895
m20b,,Kenya,Courtship,gular,Leaf_B2,4.220427028,21.5735969
m20b,,Kenya,Courtship,gular,Leaf_T1,1.656674455,35.9087361
m20b,,Kenya,Courtship,gular,Leaf_T2,3.653700236,36.9845449
m20b,,Kenya,Courtship,gular,Stem1,4.532614207,30.8234346
m20b,,Kenya,Courtship,gular,Stem2,4.903411787,21.8537791
m20b,,Kenya,Courtship,midflank,Leaf_B1,7.355466522,22.1090476
m20b,,Kenya,Courtship,midflank,Leaf_B2,6.50273203,23.4277549
m20b,,Kenya,Courtship,midflank,Leaf_T1,4.059303839,37.7628941
m20b,,Kenya,Courtship,midflank,Leaf_T2,6.076070897,38.838703
m20b,,Kenya,Courtship,midflank,Stem1,6.592406363,32.6775927
m20b,,Kenya,Courtship,midflank,Stem2,6.583375213,23.7079372
m20b,,Kenya,Courtship,tailbase,Leaf_B1,2.234945707,9.7270431
m20b,,Kenya,Courtship,tailbase,Leaf_B2,3.032937033,11.0457505
m20b,,Kenya,Courtship,tailbase,Leaf_T1,6.050267708,25.3808897
m20b,,Kenya,Courtship,tailbase,Leaf_T2,3.572418154,26.4566986
m20b,,Kenya,Courtship,tailbase,Stem1,3.872202009,20.2955883
m20b,,Kenya,Courtship,tailbase,Stem2,4.458663253,11.3259328
m20b,,Kenya,Courtship,topflank,Leaf_B1,2.566890766,11.3019747
m20b,,Kenya,Courtship,topflank,Leaf_B2,1.70551205,12.6206821
m20b,,Kenya,Courtship,topflank,Leaf_T1,2.182360732,26.9558213
m20b,,Kenya,Courtship,topflank,Leaf_T2,1.47278969,28.0316301
m20b,,Kenya,Courtship,topflank,Stem1,2.322101569,21.8705198
m20b,,Kenya,Courtship,topflank,Stem2,2.734732099,12.9008643
m21,130,Hawaii,Courtship,gular,Leaf_B1,6.20441857,38.4958535
m21,130,Hawaii,Courtship,gular,Leaf_B2,7.862466385,38.5895572
m21,130,Hawaii,Courtship,gular,Leaf_T1,3.286828913,60.4308931
m21,130,Hawaii,Courtship,gular,Leaf_T2,5.733118626,58.9082741
m21,130,Hawaii,Courtship,gular,Stem1,8.524130182,40.5319385
m21,130,Hawaii,Courtship,gular,Stem2,7.78549169,45.9566972
m21,130,Hawaii,Courtship,midflank,Leaf_B1,6.019396959,35.1002733
m21,130,Hawaii,Courtship,midflank,Leaf_B2,7.687138802,35.193977
m21,130,Hawaii,Courtship,midflank,Leaf_T1,3.652762826,57.035313
m21,130,Hawaii,Courtship,midflank,Leaf_T2,5.810958832,55.5126939
m21,130,Hawaii,Courtship,midflank,Stem1,8.247789039,37.1363583
m21,130,Hawaii,Courtship,midflank,Stem2,7.513919288,42.561117
m21,130,Hawaii,Courtship,tailbase,Leaf_B1,2.602235145,18.3628119
m21,130,Hawaii,Courtship,tailbase,Leaf_B2,3.29198996,18.4565156
m21,130,Hawaii,Courtship,tailbase,Leaf_T1,6.142791396,40.2978515
m21,130,Hawaii,Courtship,tailbase,Leaf_T2,4.533203112,38.7752324
m21,130,Hawaii,Courtship,tailbase,Stem1,3.474789213,20.3988969
m21,130,Hawaii,Courtship,tailbase,Stem2,2.690839338,25.8236555
m21,130,Hawaii,Courtship,topflank,Leaf_B1,7.468305992,23.7235664
m21,130,Hawaii,Courtship,topflank,Leaf_B2,9.023961167,23.8172701
m21,130,Hawaii,Courtship,topflank,Leaf_T1,3.793869023,45.658606
m21,130,Hawaii,Courtship,topflank,Leaf_T2,6.538513402,44.1359869
m21,130,Hawaii,Courtship,topflank,Stem1,9.762921696,25.7596514
m21,130,Hawaii,Courtship,topflank,Stem2,9.100180782,31.18441
m211,128,Kenya,Courtship,gular,Leaf_B1,3.547955743,25.4378696
m211,128,Kenya,Courtship,gular,Leaf_B2,2.704393662,26.756577
m211,128,Kenya,Courtship,gular,Leaf_T1,1.755302326,41.0917162
m211,128,Kenya,Courtship,gular,Leaf_T2,2.310247939,42.167525
m211,128,Kenya,Courtship,gular,Stem1,3.017742361,36.0064147
m211,128,Kenya,Courtship,gular,Stem2,3.335018085,27.0367592
m211,128,Kenya,Courtship,midflank,Leaf_B1,6.968231997,23.1421083
m211,128,Kenya,Courtship,midflank,Leaf_B2,6.158192214,24.4608157
m211,128,Kenya,Courtship,midflank,Leaf_T1,4.309482485,38.7959549
m211,128,Kenya,Courtship,midflank,Leaf_T2,5.770084075,39.8717637
m211,128,Kenya,Courtship,midflank,Stem1,5.782277663,33.7106534
m211,128,Kenya,Courtship,midflank,Stem2,5.68814111,24.7409979
m211,128,Kenya,Courtship,tailbase,Leaf_B1,1.487969744,14.0148129
m211,128,Kenya,Courtship,tailbase,Leaf_B2,0.691454304,15.3335203
m211,128,Kenya,Courtship,tailbase,Leaf_T1,3.072421801,29.6686595
m211,128,Kenya,Courtship,tailbase,Leaf_T2,0.960593721,30.7444683
m211,128,Kenya,Courtship,tailbase,Stem1,1.581562184,24.583358
m211,128,Kenya,Courtship,tailbase,Stem2,2.202273319,15.6137025
m211,128,Kenya,Courtship,topflank,Leaf_B1,5.200954648,18.8153786
m211,128,Kenya,Courtship,topflank,Leaf_B2,4.465600969,20.1340859
m211,128,Kenya,Courtship,topflank,Leaf_T1,3.079768699,34.4692252
m211,128,Kenya,Courtship,topflank,Leaf_T2,4.014554227,35.545034
m211,128,Kenya,Courtship,topflank,Stem1,4.01894689,29.3839237
m211,128,Kenya,Courtship,topflank,Stem2,4.205626739,20.4142682
m212,110,Kenya,Courtship,gular,Leaf_B1,1.779516215,18.0743885
m212,110,Kenya,Courtship,gular,Leaf_B2,1.12803872,19.3930958
m212,110,Kenya,Courtship,gular,Leaf_T1,2.300001563,33.7282351
m212,110,Kenya,Courtship,gular,Leaf_T2,0.405763788,34.8040439
m212,110,Kenya,Courtship,gular,Stem1,2.25677556,28.6429336
m212,110,Kenya,Courtship,gular,Stem2,3.124314806,19.6732781
m212,110,Kenya,Courtship,midflank,Leaf_B1,3.105652754,10.0481474
m212,110,Kenya,Courtship,midflank,Leaf_B2,2.345052013,11.3668548
m212,110,Kenya,Courtship,midflank,Leaf_T1,2.202493303,25.701994
m212,110,Kenya,Courtship,midflank,Leaf_T2,1.934078533,26.7778029
m212,110,Kenya,Courtship,midflank,Stem1,2.314299427,20.6166925
m212,110,Kenya,Courtship,midflank,Stem2,2.796764982,11.6470371
m212,110,Kenya,Courtship,tailbase,Leaf_B1,2.560333754,0.0624628
m212,110,Kenya,Courtship,tailbase,Leaf_B2,3.146498083,1.3811702
m212,110,Kenya,Courtship,tailbase,Leaf_T1,6.256356301,15.7163094
m212,110,Kenya,Courtship,tailbase,Leaf_T2,3.665245663,16.7921182
m212,110,Kenya,Courtship,tailbase,Stem1,2.506473919,10.6310079
m212,110,Kenya,Courtship,tailbase,Stem2,2.901421837,1.6613524
m212,110,Kenya,Courtship,tailbase,Leaf_B1,1.588193819,4.7964718
m212,110,Kenya,Courtship,tailbase,Leaf_B2,2.105124446,6.1151791
m212,110,Kenya,Courtship,tailbase,Leaf_T1,5.345267355,20.4503183
m212,110,Kenya,Courtship,tailbase,Leaf_T2,2.756367167,21.5261272
m212,110,Kenya,Courtship,tailbase,Stem1,2.020335522,15.3650169
m212,110,Kenya,Courtship,tailbase,Stem2,2.435487994,6.3953614
m212,110,Kenya,Courtship,topflank,Leaf_B1,3.223915615,24.8434437
m212,110,Kenya,Courtship,topflank,Leaf_B2,3.797040237,23.5247363
m212,110,Kenya,Courtship,topflank,Leaf_T1,6.617110987,9.1895971
m212,110,Kenya,Courtship,topflank,Leaf_T2,4.138874758,8.1137883
m212,110,Kenya,Courtship,topflank,Stem1,2.942087058,14.2748986
m212,110,Kenya,Courtship,topflank,Stem2,3.486870203,23.2445541
m212,110,Kenya,Courtship,topflank,Leaf_B1,2.108215529,8.3526961
m212,110,Kenya,Courtship,topflank,Leaf_B2,2.372996021,7.0339887
m212,110,Kenya,Courtship,topflank,Leaf_T1,4.855795245,7.3011505
m212,110,Kenya,Courtship,topflank,Leaf_T2,2.538162482,8.3769593
m212,110,Kenya,Courtship,topflank,Stem1,1.454217399,2.215849
m212,110,Kenya,Courtship,topflank,Stem2,2.406608911,6.7538065
m22a,115,Kenya,Courtship,gular,Leaf_B1,3.470307562,12.3745601
m22a,115,Kenya,Courtship,gular,Leaf_B2,2.768495662,13.6932674
m22a,115,Kenya,Courtship,gular,Leaf_T1,2.991711955,28.0284066
m22a,115,Kenya,Courtship,gular,Leaf_T2,2.529393699,29.1042155
m22a,115,Kenya,Courtship,gular,Stem1,2.127532779,22.9431052
m22a,115,Kenya,Courtship,gular,Stem2,2.340090017,13.9734497
m22a,115,Kenya,Courtship,midflank,Leaf_B1,4.638693409,20.0122932
m22a,115,Kenya,Courtship,midflank,Leaf_B2,3.805113995,21.3310005
m22a,115,Kenya,Courtship,midflank,Leaf_T1,2.581521716,35.6661397
m22a,115,Kenya,Courtship,midflank,Leaf_T2,3.477061333,36.7419486
m22a,115,Kenya,Courtship,midflank,Stem1,3.689345269,30.5808383
m22a,115,Kenya,Courtship,midflank,Stem2,3.722804251,21.6111828
m22a,115,Kenya,Courtship,tailbase,Leaf_B1,1.124450916,8.3414809
m22a,115,Kenya,Courtship,tailbase,Leaf_B2,0.745905457,9.6601883
m22a,115,Kenya,Courtship,tailbase,Leaf_T1,3.6575327,23.9953275
m22a,115,Kenya,Courtship,tailbase,Leaf_T2,1.229032726,25.0711364
m22a,115,Kenya,Courtship,tailbase,Stem1,1.145690244,18.910026
m22a,115,Kenya,Courtship,tailbase,Stem2,1.936389503,9.9403706
m22a,115,Kenya,Courtship,topflank,Leaf_B1,3.028758052,2.1117674
m22a,115,Kenya,Courtship,topflank,Leaf_B2,2.512645956,0.79306
m22a,115,Kenya,Courtship,topflank,Leaf_T1,3.31901755,13.5420792
m22a,115,Kenya,Courtship,topflank,Leaf_T2,2.256789225,14.6178881
m22a,115,Kenya,Courtship,topflank,Stem1,1.60896814,8.4567777
m22a,115,Kenya,Courtship,topflank,Stem2,2.211882047,0.5128777
m22c,127,Kenya,Courtship,topflank,Leaf_B1,1.579003892,1.0842988
m22c,127,Kenya,Courtship,topflank,Leaf_B2,1.443202342,2.4030062
m22c,127,Kenya,Courtship,topflank,Leaf_T1,3.482326709,16.7381454
m22c,127,Kenya,Courtship,topflank,Leaf_T2,1.267807454,17.8139543
m22c,127,Kenya,Courtship,topflank,Stem1,1.492073098,11.6528439
m22c,127,Kenya,Courtship,topflank,Stem2,2.604838039,2.6831885
m23,122,Kenya,Courtship,midflank,Leaf_B1,6.43365562,21.8799257
m23,122,Kenya,Courtship,midflank,Leaf_B2,5.59936354,23.198633
m23,122,Kenya,Courtship,midflank,Leaf_T1,3.242365313,37.5337723
m23,122,Kenya,Courtship,midflank,Leaf_T2,5.137540112,38.6095811
m23,122,Kenya,Courtship,midflank,Stem1,5.626504678,32.4484708
m23,122,Kenya,Courtship,midflank,Stem2,5.71009855,23.4788153
m23,122,Kenya,Courtship,tailbase,Leaf_B1,0.661230683,11.6076945
m23,122,Kenya,Courtship,tailbase,Leaf_B2,1.358055109,12.9264018
m23,122,Kenya,Courtship,tailbase,Leaf_T1,4.599359237,27.2615411
m23,122,Kenya,Courtship,tailbase,Leaf_T2,1.986599796,28.3373499
m23,122,Kenya,Courtship,tailbase,Stem1,2.096297637,22.1762396
m23,122,Kenya,Courtship,tailbase,Stem2,2.788522475,13.2065841
m23,122,Kenya,Courtship,topflank,Leaf_B1,1.333401927,3.6599503
m23,122,Kenya,Courtship,topflank,Leaf_B2,1.246991089,2.3412429
m23,122,Kenya,Courtship,topflank,Leaf_T1,3.428617423,11.9938963
m23,122,Kenya,Courtship,topflank,Leaf_T2,1.076658349,13.0697051
m23,122,Kenya,Courtship,topflank,Stem1,1.671317296,6.9085948
m23,122,Kenya,Courtship,topflank,Stem2,2.767118386,2.0610607
m28a,,Kenya,Courtship,gular,Leaf_B1,6.187391132,25.3768281
m28a,,Kenya,Courtship,gular,Leaf_B2,5.358551999,26.6955355
m28a,,Kenya,Courtship,gular,Leaf_T1,3.235307231,41.0306747
m28a,,Kenya,Courtship,gular,Leaf_T2,4.920725523,42.1064835
m28a,,Kenya,Courtship,gular,Stem1,5.26947158,35.9453732
m28a,,Kenya,Courtship,gular,Stem2,5.320827516,26.9757177
m28a,,Kenya,Courtship,midflank,Leaf_B1,4.177179131,13.130465
m28a,,Kenya,Courtship,midflank,Leaf_B2,3.404382344,14.4491724
m28a,,Kenya,Courtship,midflank,Leaf_T1,2.709067963,28.7843116
m28a,,Kenya,Courtship,midflank,Leaf_T2,3.068879285,29.8601204
m28a,,Kenya,Courtship,midflank,Stem1,3.016774147,23.6990101
m28a,,Kenya,Courtship,midflank,Stem2,3.149025871,14.7293546
m28a,,Kenya,Courtship,tailbase,Leaf_B1,0.805633838,8.3159824
m28a,,Kenya,Courtship,tailbase,Leaf_B2,0.855761235,9.6346897
m28a,,Kenya,Courtship,tailbase,Leaf_T1,4.079015716,23.969829
m28a,,Kenya,Courtship,tailbase,Leaf_T2,1.598650407,25.0456378
m28a,,Kenya,Courtship,tailbase,Stem1,1.825929237,18.8845275
m28a,,Kenya,Courtship,tailbase,Stem2,2.40117371,9.914872
m28a,,Kenya,Courtship,topflank,Leaf_B1,3.022232522,1.1604376
m28a,,Kenya,Courtship,topflank,Leaf_B2,2.213720117,2.479145
m28a,,Kenya,Courtship,topflank,Leaf_T1,2.090429206,16.8142842
m28a,,Kenya,Courtship,topflank,Leaf_T2,1.841617012,17.890093
m28a,,Kenya,Courtship,topflank,Stem1,2.372029625,11.7289827
m28a,,Kenya,Courtship,topflank,Stem2,2.800281128,2.7593272
m2bh,132,Hawaii,Courtship,gular,Leaf_B1,7.197481343,32.2563305
m2bh,132,Hawaii,Courtship,gular,Leaf_B2,8.849213488,32.3500342
m2bh,132,Hawaii,Courtship,gular,Leaf_T1,3.987994635,54.1913701
m2bh,132,Hawaii,Courtship,gular,Leaf_T2,6.643589123,52.668751
m2bh,132,Hawaii,Courtship,gular,Stem1,9.491833621,34.2924155
m2bh,132,Hawaii,Courtship,gular,Stem2,8.770622291,39.7171741
m2bh,132,Hawaii,Courtship,midflank,Leaf_B1,6.796452147,33.7848067
m2bh,132,Hawaii,Courtship,midflank,Leaf_B2,8.362790944,33.8785105
m2bh,132,Hawaii,Courtship,midflank,Leaf_T1,4.145242782,55.7198464
m2bh,132,Hawaii,Courtship,midflank,Leaf_T2,6.361553924,54.1972273
m2bh,132,Hawaii,Courtship,midflank,Stem1,8.854626972,35.8208918
m2bh,132,Hawaii,Courtship,midflank,Stem2,8.252423496,41.2456504
m2bh,132,Hawaii,Courtship,tailbase,Leaf_B1,3.07815045,19.5599487
m2bh,132,Hawaii,Courtship,tailbase,Leaf_B2,4.607401004,19.6536524
m2bh,132,Hawaii,Courtship,tailbase,Leaf_T1,3.607333508,41.4949883
m2bh,132,Hawaii,Courtship,tailbase,Leaf_T2,3.568575579,39.9723692
m2bh,132,Hawaii,Courtship,tailbase,Stem1,5.024291054,21.5960337
m2bh,132,Hawaii,Courtship,tailbase,Stem2,4.404161088,27.0207923
m2d,98,Hawaii,Courtship,gular,Leaf_B1,4.909761618,36.331677
m2d,98,Hawaii,Courtship,gular,Leaf_B2,3.88478873,36.4253807
m2d,98,Hawaii,Courtship,gular,Leaf_T1,9.268143268,58.2667166
m2d,98,Hawaii,Courtship,gular,Leaf_T2,6.63106888,56.7440975
m2d,98,Hawaii,Courtship,gular,Stem1,3.710065916,38.367762
m2d,98,Hawaii,Courtship,gular,Stem2,3.658280179,43.7925206
m2d,98,Hawaii,Courtship,midflank,Leaf_B1,1.349053901,20.5973134
m2d,98,Hawaii,Courtship,midflank,Leaf_B2,2.634710913,20.6910171
m2d,98,Hawaii,Courtship,midflank,Leaf_T1,4.796246972,42.5323531
m2d,98,Hawaii,Courtship,midflank,Leaf_T2,3.1250781,41.009734
m2d,98,Hawaii,Courtship,midflank,Stem1,2.945022505,22.6333984
m2d,98,Hawaii,Courtship,midflank,Stem2,2.292426688,28.0581571
m2d,98,Hawaii,Courtship,tailbase,Leaf_B1,3.695674348,19.5836983
m2d,98,Hawaii,Courtship,tailbase,Leaf_B2,2.636275763,19.677402
m2d,98,Hawaii,Courtship,tailbase,Leaf_T1,8.410144139,41.518738
m2d,98,Hawaii,Courtship,tailbase,Leaf_T2,5.800923171,39.9961189
m2d,98,Hawaii,Courtship,tailbase,Stem1,1.049809713,21.6197833
m2d,98,Hawaii,Courtship,tailbase,Stem2,1.83945362,27.044542
m2d,98,Hawaii,Courtship,topflank,Leaf_B1,4.767381918,20.6703083
m2d,98,Hawaii,Courtship,topflank,Leaf_B2,6.317224244,20.764012
m2d,98,Hawaii,Courtship,topflank,Leaf_T1,3.209311751,42.6053479
m2d,98,Hawaii,Courtship,topflank,Leaf_T2,4.576081084,41.0827289
m2d,98,Hawaii,Courtship,topflank,Stem1,6.821775081,22.7063933
m2d,98,Hawaii,Courtship,topflank,Stem2,6.210663842,28.1311519
m32a,111,Kenya,Courtship,gular,Leaf_B1,5.78654038,23.3592591
m32a,111,Kenya,Courtship,gular,Leaf_B2,4.932742115,24.6779665
m32a,111,Kenya,Courtship,gular,Leaf_T1,2.749003922,39.0131057
m32a,111,Kenya,Courtship,gular,Leaf_T2,4.523111955,40.0889145
m32a,111,Kenya,Courtship,gular,Stem1,5.085450862,33.9278042
m32a,111,Kenya,Courtship,gular,Stem2,5.145910568,24.9581487
m32a,111,Kenya,Courtship,midflank,Leaf_B1,5.697373898,16.3004213
m32a,111,Kenya,Courtship,midflank,Leaf_B2,4.850471474,17.6191287
m32a,111,Kenya,Courtship,midflank,Leaf_T1,3.119859938,31.9542679
m32a,111,Kenya,Courtship,midflank,Leaf_T2,4.505227937,33.0300768
m32a,111,Kenya,Courtship,midflank,Stem1,4.765223282,26.8689664
m32a,111,Kenya,Courtship,midflank,Stem2,4.710880172,17.899311
m32a,111,Kenya,Courtship,tailbase,Leaf_B1,2.210297518,14.842369
m32a,111,Kenya,Courtship,tailbase,Leaf_B2,2.686864706,16.1610763
m32a,111,Kenya,Courtship,tailbase,Leaf_T1,5.923621221,30.4962155
m32a,111,Kenya,Courtship,tailbase,Leaf_T2,3.396173884,31.5720244
m32a,111,Kenya,Courtship,tailbase,Stem1,2.638428683,25.4109141
m32a,111,Kenya,Courtship,tailbase,Stem2,2.774209133,16.4412586
m32a,111,Kenya,Courtship,topflank,Leaf_B1,6.753433207,5.1350964
m32a,111,Kenya,Courtship,topflank,Leaf_B2,5.937790172,6.4538038
m32a,111,Kenya,Courtship,topflank,Leaf_T1,3.978738301,20.788943
m32a,111,Kenya,Courtship,topflank,Leaf_T2,5.527242287,21.8647519
m32a,111,Kenya,Courtship,topflank,Stem1,5.650364185,15.7036415
m32a,111,Kenya,Courtship,topflank,Stem2,5.610123155,6.7339861
m40,103,Hawaii,Courtship,gular,Leaf_B1,5.170314752,38.3863867
m40,103,Hawaii,Courtship,gular,Leaf_B2,6.794925821,38.4800904
m40,103,Hawaii,Courtship,gular,Leaf_T1,2.496674565,60.3214263
m40,103,Hawaii,Courtship,gular,Leaf_T2,4.633657524,58.7988072
m40,103,Hawaii,Courtship,gular,Stem1,7.507267472,40.4224717
m40,103,Hawaii,Courtship,gular,Stem2,6.789031344,45.8472303
m40,103,Hawaii,Courtship,midflank,Leaf_B1,4.514612775,32.0148313
m40,103,Hawaii,Courtship,midflank,Leaf_B2,6.155499891,32.108535
m40,103,Hawaii,Courtship,midflank,Leaf_T1,2.986088611,53.9498709
m40,103,Hawaii,Courtship,midflank,Leaf_T2,4.430243479,52.4272519
m40,103,Hawaii,Courtship,midflank,Stem1,6.720164154,34.0509163
m40,103,Hawaii,Courtship,midflank,Stem2,6.015662149,39.475675
m40,103,Hawaii,Courtship,tailbase,Leaf_B1,1.36112342,25.7230989
m40,103,Hawaii,Courtship,tailbase,Leaf_B2,2.442864856,25.8168026
m40,103,Hawaii,Courtship,tailbase,Leaf_T1,5.338882057,47.6581386
m40,103,Hawaii,Courtship,tailbase,Leaf_T2,3.537285161,46.1355195
m40,103,Hawaii,Courtship,tailbase,Stem1,2.745841144,27.7591839
m40,103,Hawaii,Courtship,tailbase,Stem2,1.89571742,33.1839426
m40,103,Hawaii,Courtship,topflank,Leaf_B1,6.112984524,29.9719264
m40,103,Hawaii,Courtship,topflank,Leaf_B2,7.728876428,30.0656301
m40,103,Hawaii,Courtship,topflank,Leaf_T1,2.639751461,51.906966
m40,103,Hawaii,Courtship,topflank,Leaf_T2,5.317821901,50.3843469
m40,103,Hawaii,Courtship,topflank,Stem1,8.518845342,32.0080114
m40,103,Hawaii,Courtship,topflank,Stem2,7.784887124,37.43277
m40c,120,Hawaii,Courtship,gular,Leaf_B1,1.502596729,30.4476892
m40c,120,Hawaii,Courtship,gular,Leaf_B2,2.818676749,30.5413929
m40c,120,Hawaii,Courtship,gular,Leaf_T1,4.519235123,52.3827289
m40c,120,Hawaii,Courtship,gular,Leaf_T2,2.937959677,50.8601098
m40c,120,Hawaii,Courtship,gular,Stem1,3.22420776,32.4837743
m40c,120,Hawaii,Courtship,gular,Stem2,2.607443382,37.9085329
m40c,120,Hawaii,Courtship,midflank,Leaf_B1,7.727944134,30.3248817
m40c,120,Hawaii,Courtship,midflank,Leaf_B2,9.305367805,30.4185854
m40c,120,Hawaii,Courtship,midflank,Leaf_T1,4.385692073,52.2599213
m40c,120,Hawaii,Courtship,midflank,Leaf_T2,7.012358525,50.7373023
m40c,120,Hawaii,Courtship,midflank,Stem1,9.921926163,32.3609667
m40c,120,Hawaii,Courtship,midflank,Stem2,9.282662167,37.7857254
m40c,120,Hawaii,Courtship,tailbase,Leaf_B1,2.144425005,27.393608
m40c,120,Hawaii,Courtship,tailbase,Leaf_B2,2.337060236,27.4873117
m40c,120,Hawaii,Courtship,tailbase,Leaf_T1,6.557836064,49.3286476
m40c,120,Hawaii,Courtship,tailbase,Leaf_T2,4.497649258,47.8060285
m40c,120,Hawaii,Courtship,tailbase,Stem1,1.69547006,29.429693
m40c,120,Hawaii,Courtship,tailbase,Stem2,1.225111907,34.8544516
m40c,120,Hawaii,Courtship,topflank,Leaf_B1,6.581403046,24.9367005
m40c,120,Hawaii,Courtship,topflank,Leaf_B2,8.137336798,25.0304042
m40c,120,Hawaii,Courtship,topflank,Leaf_T1,3.459977003,46.8717402
m40c,120,Hawaii,Courtship,topflank,Leaf_T2,5.871747378,45.3491211
m40c,120,Hawaii,Courtship,topflank,Stem1,8.785186761,26.9727855
m40c,120,Hawaii,Courtship,topflank,Stem2,8.148198703,32.3975442
m40d,105,Hawaii,Courtship,gular,Leaf_B1,1.830108913,20.739276
m40d,105,Hawaii,Courtship,gular,Leaf_B2,2.775557388,20.8329797
m40d,105,Hawaii,Courtship,gular,Leaf_T1,4.763197745,42.6743156
m40d,105,Hawaii,Courtship,gular,Leaf_T2,2.985146305,41.1516966
m40d,105,Hawaii,Courtship,gular,Stem1,3.146028105,22.775361
m40d,105,Hawaii,Courtship,gular,Stem2,2.699506889,28.2001197
m40d,105,Hawaii,Courtship,midflank,Leaf_B1,2.007801711,24.5728123
m40d,105,Hawaii,Courtship,midflank,Leaf_B2,3.218774436,24.666516
m40d,105,Hawaii,Courtship,midflank,Leaf_T1,4.380704209,46.5078519
m40d,105,Hawaii,Courtship,midflank,Leaf_T2,3.001717734,44.9852328
m40d,105,Hawaii,Courtship,midflank,Stem1,3.607073172,26.6088973
m40d,105,Hawaii,Courtship,midflank,Stem2,3.090009017,32.0336559
m40d,105,Hawaii,Courtship,tailbase,Leaf_B1,2.677222692,11.0659326
m40d,105,Hawaii,Courtship,tailbase,Leaf_B2,2.510677854,11.1596363
m40d,105,Hawaii,Courtship,tailbase,Leaf_T1,6.949977502,33.0009723
m40d,105,Hawaii,Courtship,tailbase,Leaf_T2,4.777164415,31.4783532
m40d,105,Hawaii,Courtship,tailbase,Stem1,1.392440546,13.1020176
m40d,105,Hawaii,Courtship,tailbase,Stem2,1.604086758,18.5267763
m40d,105,Hawaii,Courtship,topflank,Leaf_B1,6.154111132,34.0764196
m40d,105,Hawaii,Courtship,topflank,Leaf_B2,7.707278937,34.1701233
m40d,105,Hawaii,Courtship,topflank,Leaf_T1,3.579900586,56.0114592
m40d,105,Hawaii,Courtship,topflank,Leaf_T2,5.67155956,54.4888401
m40d,105,Hawaii,Courtship,topflank,Stem1,8.25229967,36.1125046
m40d,105,Hawaii,Courtship,topflank,Stem2,7.642777595,41.5372632
m44b,106,Hawaii,Courtship,gular,Leaf_B1,0.684226039,35.1652471
m44b,106,Hawaii,Courtship,gular,Leaf_B2,2.138011953,35.2589508
m44b,106,Hawaii,Courtship,gular,Leaf_T1,4.664439342,57.1002867
m44b,106,Hawaii,Courtship,gular,Leaf_T2,2.603584541,55.5776676
m44b,106,Hawaii,Courtship,gular,Stem1,3.052083938,37.2013321
m44b,106,Hawaii,Courtship,gular,Stem2,2.125205786,42.6260907
m44b,106,Hawaii,Courtship,midflank,Leaf_B1,2.545216163,24.046759
m44b,106,Hawaii,Courtship,midflank,Leaf_B2,4.186406962,24.1404627
m44b,106,Hawaii,Courtship,midflank,Leaf_T1,2.688433006,45.9817986
m44b,106,Hawaii,Courtship,midflank,Leaf_T2,2.474053108,44.4591795
m44b,106,Hawaii,Courtship,midflank,Stem1,5.155553595,26.082844
m44b,106,Hawaii,Courtship,midflank,Stem2,4.288735382,31.5076026
m44b,106,Hawaii,Courtship,tailbase,Leaf_B1,3.831957569,7.7784544
m44b,106,Hawaii,Courtship,tailbase,Leaf_B2,2.47452497,7.8721581
m44b,106,Hawaii,Courtship,tailbase,Leaf_T1,8.527006549,29.7134941
m44b,106,Hawaii,Courtship,tailbase,Leaf_T2,5.709438124,28.190875
m44b,106,Hawaii,Courtship,tailbase,Stem1,1.806757361,9.8145394
m44b,106,Hawaii,Courtship,tailbase,Stem2,2.156550167,15.2392981
m44b,106,Hawaii,Courtship,topflank,Leaf_B1,1.888310747,19.547165
m44b,106,Hawaii,Courtship,topflank,Leaf_B2,3.413246017,19.6408687
m44b,106,Hawaii,Courtship,topflank,Leaf_T1,3.850336378,41.4822046
m44b,106,Hawaii,Courtship,topflank,Leaf_T2,2.707097347,39.9595855
m44b,106,Hawaii,Courtship,topflank,Stem1,4.339223456,21.58325
m44b,106,Hawaii,Courtship,topflank,Stem2,3.411571293,27.0080086
m52,,Kenya,Courtship,gular,Leaf_B1,4.688800615,31.7991044
m52,,Kenya,Courtship,gular,Leaf_B2,3.892992997,33.1178117
m52,,Kenya,Courtship,gular,Leaf_T1,1.858510081,47.4529509
m52,,Kenya,Courtship,gular,Leaf_T2,3.367407851,48.5287598
m52,,Kenya,Courtship,gular,Stem1,4.011642774,42.3676495
m52,,Kenya,Courtship,gular,Stem2,4.34323848,33.397994
m52,,Kenya,Courtship,midflank,Leaf_B1,9.517380444,20.1844729
m52,,Kenya,Courtship,midflank,Leaf_B2,8.679765607,21.5031803
m52,,Kenya,Courtship,midflank,Leaf_T1,5.803070094,35.8383195
m52,,Kenya,Courtship,midflank,Leaf_T2,8.180618536,36.9141283
m52,,Kenya,Courtship,midflank,Stem1,8.924300598,30.753018
m52,,Kenya,Courtship,midflank,Stem2,8.991461069,21.7833625
m52,,Kenya,Courtship,tailbase,Leaf_B1,2.908327371,21.2504733
m52,,Kenya,Courtship,tailbase,Leaf_B2,2.067269463,22.5691807
m52,,Kenya,Courtship,tailbase,Leaf_T1,1.560437666,36.9043199
m52,,Kenya,Courtship,tailbase,Leaf_T2,1.6948735,37.9801288
m52,,Kenya,Courtship,tailbase,Stem1,3.055205692,31.8190184
m52,,Kenya,Courtship,tailbase,Stem2,3.512315012,22.849363
m52,,Kenya,Courtship,topflank,Leaf_B1,8.929372754,6.4385974
m52,,Kenya,Courtship,topflank,Leaf_B2,8.109134987,7.7573048
m52,,Kenya,Courtship,topflank,Leaf_T1,5.077681601,22.092444
m52,,Kenya,Courtship,topflank,Leaf_T2,7.594962135,23.1682529
m52,,Kenya,Courtship,topflank,Stem1,8.634169501,17.0071425
m52,,Kenya,Courtship,topflank,Stem2,8.802582047,8.0374871
m52a,,Kenya,Courtship,gular,Leaf_B1,4.338386408,13.5503941
m52a,,Kenya,Courtship,gular,Leaf_B2,3.59238552,14.8691015
m52a,,Kenya,Courtship,gular,Leaf_T1,2.801828231,29.2042407
m52a,,Kenya,Courtship,gular,Leaf_T2,3.219678773,30.2800495
m52a,,Kenya,Courtship,gular,Stem1,3.12977033,24.1189392
m52a,,Kenya,Courtship,gular,Stem2,3.305410833,15.1492837
m52a,,Kenya,Courtship,midflank,Leaf_B1,6.520024487,16.3334196
m52a,,Kenya,Courtship,midflank,Leaf_B2,5.666095395,17.652127
m52a,,Kenya,Courtship,midflank,Leaf_T1,3.410445969,31.9872662
m52a,,Kenya,Courtship,midflank,Leaf_T2,5.260510689,33.0630751
m52a,,Kenya,Courtship,midflank,Stem1,5.743474675,26.9019647
m52a,,Kenya,Courtship,midflank,Stem2,5.741480439,17.9323093
m52a,,Kenya,Courtship,tailbase,Leaf_B1,2.72152041,5.7997356
m52a,,Kenya,Courtship,tailbase,Leaf_B2,2.616919096,7.118443
m52a,,Kenya,Courtship,tailbase,Leaf_T1,4.687624993,21.4535822
m52a,,Kenya,Courtship,tailbase,Leaf_T2,3.140083915,22.529391
m52a,,Kenya,Courtship,tailbase,Stem1,3.984271007,16.3682807
m52a,,Kenya,Courtship,tailbase,Stem2,4.165380901,7.3986252
m52a,,Kenya,Courtship,topflank,Leaf_B1,3.353738695,5.5752755
m52a,,Kenya,Courtship,topflank,Leaf_B2,2.615721165,6.8939829
m52a,,Kenya,Courtship,topflank,Leaf_T1,2.784259376,21.2291221
m52a,,Kenya,Courtship,topflank,Leaf_T2,2.653832186,22.3049309
m52a,,Kenya,Courtship,topflank,Stem1,3.756966451,16.1438206
m52a,,Kenya,Courtship,topflank,Stem2,3.894203159,7.1741651
m55c,128,Kenya,Courtship,gular,Leaf_B1,4.815326393,20.7197705
m55c,128,Kenya,Courtship,gular,Leaf_B2,4.015121562,22.0384779
m55c,128,Kenya,Courtship,gular,Leaf_T1,1.408888357,36.3736171
m55c,128,Kenya,Courtship,gular,Leaf_T2,3.564688973,37.4494259
m55c,128,Kenya,Courtship,gular,Stem1,4.973032077,31.2883156
m55c,128,Kenya,Courtship,gular,Stem2,5.318005674,22.3186601
m55c,128,Kenya,Courtship,midflank,Leaf_B1,6.896335233,20.018204
m55c,128,Kenya,Courtship,midflank,Leaf_B2,6.041734104,21.3369113
m55c,128,Kenya,Courtship,midflank,Leaf_T1,3.588824614,35.6720505
m55c,128,Kenya,Courtship,midflank,Leaf_T2,5.615051797,36.7478594
m55c,128,Kenya,Courtship,midflank,Stem1,6.210970596,30.5867491
m55c,128,Kenya,Courtship,midflank,Stem2,6.235012856,21.6170936
m55c,128,Kenya,Courtship,tailbase,Leaf_B1,1.882065124,16.5094459
m55c,128,Kenya,Courtship,tailbase,Leaf_B2,1.882214574,17.8281533
m55c,128,Kenya,Courtship,tailbase,Leaf_T1,4.373321036,32.1632925
m55c,128,Kenya,Courtship,tailbase,Leaf_T2,2.4599969,33.2391014
m55c,128,Kenya,Courtship,tailbase,Stem1,3.319923173,27.077991
m55c,128,Kenya,Courtship,tailbase,Stem2,3.665031116,18.1083356
m55c,128,Kenya,Courtship,topflank,Leaf_B1,3.952992378,16.2038456
m55c,128,Kenya,Courtship,topflank,Leaf_B2,3.144777691,17.522553
m55c,128,Kenya,Courtship,topflank,Leaf_T1,0.79339577,31.8576922
m55c,128,Kenya,Courtship,topflank,Leaf_T2,2.647053997,32.9335011
m55c,128,Kenya,Courtship,topflank,Stem1,4.040717821,26.7723907
m55c,128,Kenya,Courtship,topflank,Stem2,4.478462307,17.8027353
m56a,115,Kenya,Courtship,gular,Leaf_B1,2.883967606,25.8491418
m56a,115,Kenya,Courtship,gular,Leaf_B2,2.048039606,27.1678492
m56a,115,Kenya,Courtship,gular,Leaf_T1,1.501752266,41.5029884
m56a,115,Kenya,Courtship,gular,Leaf_T2,1.642155862,42.5787973
m56a,115,Kenya,Courtship,gular,Stem1,3.034185866,36.4176869
m56a,115,Kenya,Courtship,gular,Stem2,3.520344378,27.4480315
m56a,115,Kenya,Courtship,midflank,Leaf_B1,2.732459391,12.5519648
m56a,115,Kenya,Courtship,midflank,Leaf_B2,1.907990892,13.8706722
m56a,115,Kenya,Courtship,midflank,Leaf_T1,1.539201628,28.2058114
m56a,115,Kenya,Courtship,midflank,Leaf_T2,1.424304261,29.2816203
m56a,115,Kenya,Courtship,midflank,Stem1,2.781051627,23.1205099
m56a,115,Kenya,Courtship,midflank,Stem2,3.345004402,14.1508545
m56a,115,Kenya,Courtship,tailbase,Leaf_B1,2.131949736,12.5881471
m56a,115,Kenya,Courtship,tailbase,Leaf_B2,2.83361949,13.9068545
m56a,115,Kenya,Courtship,tailbase,Leaf_T1,5.880367217,28.2419937
m56a,115,Kenya,Courtship,tailbase,Leaf_T2,3.442778189,29.3178026
m56a,115,Kenya,Courtship,tailbase,Stem1,3.738729508,23.1566922
m56a,115,Kenya,Courtship,tailbase,Stem2,4.220568604,14.1870368
m56a,115,Kenya,Courtship,topflank,Leaf_B1,1.420542867,5.6041897
m56a,115,Kenya,Courtship,topflank,Leaf_B2,0.95661535,6.9228971
m56a,115,Kenya,Courtship,topflank,Leaf_T1,2.744674767,21.2580363
m56a,115,Kenya,Courtship,topflank,Leaf_T2,0.804037402,22.3338452
m56a,115,Kenya,Courtship,topflank,Stem1,2.763237798,16.1727348
m56a,115,Kenya,Courtship,topflank,Stem2,3.543243453,7.2030794
m56c,136,Kenya,Courtship,gular,Leaf_B1,2.349567343,10.1893007
m56c,136,Kenya,Courtship,gular,Leaf_B2,1.525213979,11.5080081
m56c,136,Kenya,Courtship,gular,Leaf_T1,1.920270165,25.8431473
m56c,136,Kenya,Courtship,gular,Leaf_T2,1.19684301,26.9189561
m56c,136,Kenya,Courtship,gular,Stem1,2.759033388,20.7578458
m56c,136,Kenya,Courtship,gular,Stem2,3.312505308,11.7881903
m56c,136,Kenya,Courtship,midflank,Leaf_B1,8.88919723,15.8576771
m56c,136,Kenya,Courtship,midflank,Leaf_B2,8.042911001,17.1763845
m56c,136,Kenya,Courtship,midflank,Leaf_T1,5.426733334,31.5115237
m56c,136,Kenya,Courtship,midflank,Leaf_T2,7.585953761,32.5873325
m56c,136,Kenya,Courtship,midflank,Stem1,8.0931565,26.4262222
m56c,136,Kenya,Courtship,midflank,Stem2,8.073350591,17.4565667
m56c,136,Kenya,Courtship,tailbase,Leaf_B1,1.208592243,15.7548379
m56c,136,Kenya,Courtship,tailbase,Leaf_B2,1.376788342,17.0735453
m56c,136,Kenya,Courtship,tailbase,Leaf_T1,4.295049007,31.4086845
m56c,136,Kenya,Courtship,tailbase,Leaf_T2,2.038811612,32.4844934
m56c,136,Kenya,Courtship,tailbase,Stem1,2.743189808,26.323383
m56c,136,Kenya,Courtship,tailbase,Stem2,3.214764098,17.3537276
m56c,136,Kenya,Courtship,topflank,Leaf_B1,6.726351017,26.8590258
m56c,136,Kenya,Courtship,topflank,Leaf_B2,5.874549692,28.1777331
m56c,136,Kenya,Courtship,topflank,Leaf_T1,3.234792201,42.5128724
m56c,136,Kenya,Courtship,topflank,Leaf_T2,5.438011588,43.5886812
m56c,136,Kenya,Courtship,topflank,Stem1,6.292614263,37.4275709
m56c,136,Kenya,Courtship,topflank,Stem2,6.386743128,28.4579154
m63b,114,Kenya,Courtship,gular,Leaf_B1,6.086645736,28.6734546
m63b,114,Kenya,Courtship,gular,Leaf_B2,5.256966563,29.992162
m63b,114,Kenya,Courtship,gular,Leaf_T1,2.40109864,44.3273012
m63b,114,Kenya,Courtship,gular,Leaf_T2,4.756410482,45.4031101
m63b,114,Kenya,Courtship,gular,Stem1,5.790159332,39.2419998
m63b,114,Kenya,Courtship,gular,Stem2,6.026775316,30.2723443
m63b,114,Kenya,Courtship,midflank,Leaf_B1,3.443196246,28.5571751
m63b,114,Kenya,Courtship,midflank,Leaf_B2,2.6004118,29.8758825
m63b,114,Kenya,Courtship,midflank,Leaf_T1,1.329370139,44.2110217
m63b,114,Kenya,Courtship,midflank,Leaf_T2,2.152567498,45.2868306
m63b,114,Kenya,Courtship,midflank,Stem1,3.236266206,39.1257202
m63b,114,Kenya,Courtship,midflank,Stem2,3.642878128,30.1560648
m63b,114,Kenya,Courtship,tailbase,Leaf_B1,1.536510255,19.8100735
m63b,114,Kenya,Courtship,tailbase,Leaf_B2,2.299097456,21.1287809
m63b,114,Kenya,Courtship,tailbase,Leaf_T1,5.383732107,35.4639201
m63b,114,Kenya,Courtship,tailbase,Leaf_T2,2.880478797,36.539729
m63b,114,Kenya,Courtship,tailbase,Stem1,3.220216311,30.3786187
m63b,114,Kenya,Courtship,tailbase,Stem2,3.816744145,21.4089632
m63b,114,Kenya,Courtship,topflank,Leaf_B1,2.895369058,6.4819542
m63b,114,Kenya,Courtship,topflank,Leaf_B2,2.182854337,7.8006616
m63b,114,Kenya,Courtship,topflank,Leaf_T1,1.309270787,22.1358008
m63b,114,Kenya,Courtship,topflank,Leaf_T2,1.510906775,23.2116096
m63b,114,Kenya,Courtship,topflank,Stem1,2.975379237,17.0504993
m63b,114,Kenya,Courtship,topflank,Stem2,3.701489463,8.0808438
m64,136,Kenya,Courtship,gular,Leaf_B1,4.853283619,22.2666768
m64,136,Kenya,Courtship,gular,Leaf_B2,4.008702549,23.5853842
m64,136,Kenya,Courtship,gular,Leaf_T1,2.147580874,37.9205234
m64,136,Kenya,Courtship,gular,Leaf_T2,3.59239398,38.9963322
m64,136,Kenya,Courtship,gular,Stem1,4.14870448,32.8352219
m64,136,Kenya,Courtship,gular,Stem2,4.298128807,23.8655664
m64,136,Kenya,Courtship,gular,Leaf_B1,4.835992233,18.2836913
m64,136,Kenya,Courtship,gular,Leaf_B2,4.032098594,19.6023986
m64,136,Kenya,Courtship,gular,Leaf_T1,2.89575665,33.9375378
m64,136,Kenya,Courtship,gular,Leaf_T2,3.696574196,35.0133467
m64,136,Kenya,Courtship,gular,Stem1,3.70589608,28.8522364
m64,136,Kenya,Courtship,gular,Stem2,3.718864208,19.8825809
m64,136,Kenya,Courtship,midflank,Leaf_B1,6.836345262,24.6636397
m64,136,Kenya,Courtship,midflank,Leaf_B2,5.97340642,25.982347
m64,136,Kenya,Courtship,midflank,Leaf_T1,3.591206111,40.3174863
m64,136,Kenya,Courtship,midflank,Leaf_T2,5.588029168,41.3932951
m64,136,Kenya,Courtship,midflank,Stem1,6.244274311,35.2321848
m64,136,Kenya,Courtship,midflank,Stem2,6.232176217,26.2625293
m64,136,Kenya,Courtship,tailbase,Leaf_B1,2.546891253,28.3214172
m64,136,Kenya,Courtship,tailbase,Leaf_B2,3.002862036,29.6401245
m64,136,Kenya,Courtship,tailbase,Leaf_T1,5.702036037,43.9752638
m64,136,Kenya,Courtship,tailbase,Leaf_T2,3.588953021,45.0510726
m64,136,Kenya,Courtship,tailbase,Stem1,4.257761716,38.8899623
m64,136,Kenya,Courtship,tailbase,Stem2,4.646442302,29.9203068
m64,136,Kenya,Courtship,tailbase,Leaf_B1,3.141914976,18.7337403
m64,136,Kenya,Courtship,tailbase,Leaf_B2,3.841194299,20.0524476
m64,136,Kenya,Courtship,tailbase,Leaf_T1,6.736584435,34.3875869
m64,136,Kenya,Courtship,tailbase,Leaf_T2,4.408734507,35.4633957
m64,136,Kenya,Courtship,tailbase,Stem1,4.805441155,29.3022854
m64,136,Kenya,Courtship,tailbase,Stem2,5.259472301,20.3326299
m64,136,Kenya,Courtship,topflank,Leaf_B1,7.192381917,17.8081563
m64,136,Kenya,Courtship,topflank,Leaf_B2,6.356215323,19.1268637
m64,136,Kenya,Courtship,topflank,Leaf_T1,3.534392651,33.4620029
m64,136,Kenya,Courtship,topflank,Leaf_T2,5.857992109,34.5378118
m64,136,Kenya,Courtship,topflank,Stem1,6.697753555,28.3767015
m64,136,Kenya,Courtship,topflank,Stem2,6.847162875,19.407046
m64,136,Kenya,Courtship,topflank,Leaf_B1,6.96943,16.6088823
m64,136,Kenya,Courtship,topflank,Leaf_B2,6.132049466,17.9275897
m64,136,Kenya,Courtship,topflank,Leaf_T1,3.44012759,32.2627289
m64,136,Kenya,Courtship,topflank,Leaf_T2,5.717283239,33.3385377
m64,136,Kenya,Courtship,topflank,Stem1,6.785681065,27.1774274
m64,136,Kenya,Courtship,topflank,Stem2,6.903016485,18.2077719
m64b,128,Kenya,Courtship,gular,Leaf_B1,8.756424125,27.2500587
m64b,128,Kenya,Courtship,gular,Leaf_B2,7.934095187,28.568766
m64b,128,Kenya,Courtship,gular,Leaf_T1,4.99026473,42.9039053
m64b,128,Kenya,Courtship,gular,Leaf_T2,7.400164331,43.9797141
m64b,128,Kenya,Courtship,gular,Stem1,8.205835819,37.8186038
m64b,128,Kenya,Courtship,gular,Stem2,8.353456714,28.8489483
m64b,128,Kenya,Courtship,midflank,Leaf_B1,8.710041157,24.0527496
m64b,128,Kenya,Courtship,midflank,Leaf_B2,7.867759651,25.371457
m64b,128,Kenya,Courtship,midflank,Leaf_T1,5.069702462,39.7065962
m64b,128,Kenya,Courtship,midflank,Leaf_T2,7.383307923,40.782405
m64b,128,Kenya,Courtship,midflank,Stem1,8.092820645,34.6212947
m64b,128,Kenya,Courtship,midflank,Stem2,8.151548447,25.6516392
m64b,128,Kenya,Courtship,tailbase,Leaf_B1,0.707494825,5.9590953
m64b,128,Kenya,Courtship,tailbase,Leaf_B2,0.580358403,7.2778027
m64b,128,Kenya,Courtship,tailbase,Leaf_T1,3.794113701,21.6129419
m64b,128,Kenya,Courtship,tailbase,Leaf_T2,1.323809519,22.6887508
m64b,128,Kenya,Courtship,tailbase,Stem1,1.937807134,16.5276404
m64b,128,Kenya,Courtship,tailbase,Stem2,2.580363906,7.557985
m64b,128,Kenya,Courtship,topflank,Leaf_B1,6.743722905,16.4909229
m64b,128,Kenya,Courtship,topflank,Leaf_B2,5.966904363,17.8096302
m64b,128,Kenya,Courtship,topflank,Leaf_T1,3.759246793,32.1447695
m64b,128,Kenya,Courtship,topflank,Leaf_T2,5.458097553,33.2205783
m64b,128,Kenya,Courtship,topflank,Stem1,5.729094455,27.059468
m64b,128,Kenya,Courtship,topflank,Stem2,5.871159413,18.0898125
m67d,98,Hawaii,Courtship,gular,Leaf_B1,4.1057185,36.7875629
m67d,98,Hawaii,Courtship,gular,Leaf_B2,3.27049925,36.8812667
m67d,98,Hawaii,Courtship,gular,Leaf_T1,8.488631999,58.7226026
m67d,98,Hawaii,Courtship,gular,Leaf_T2,5.9611953,57.1999835
m67d,98,Hawaii,Courtship,gular,Stem1,3.098603812,38.823648
m67d,98,Hawaii,Courtship,gular,Stem2,2.907226894,44.2484066
m67d,98,Hawaii,Courtship,midflank,Leaf_B1,1.600049734,18.3997591
m67d,98,Hawaii,Courtship,midflank,Leaf_B2,3.185419723,18.4934628
m67d,98,Hawaii,Courtship,midflank,Leaf_T1,4.243019748,40.3347988
m67d,98,Hawaii,Courtship,midflank,Leaf_T2,3.022929804,38.8121797
m67d,98,Hawaii,Courtship,midflank,Stem1,3.787657435,20.4358441
m67d,98,Hawaii,Courtship,midflank,Stem2,2.93539637,25.8606028
m67d,98,Hawaii,Courtship,tailbase,Leaf_B1,3.630366172,20.2633803
m67d,98,Hawaii,Courtship,tailbase,Leaf_B2,2.427772881,20.357084
m67d,98,Hawaii,Courtship,tailbase,Leaf_T1,8.343953136,42.1984199
m67d,98,Hawaii,Courtship,tailbase,Leaf_T2,5.643650444,40.6758008
m67d,98,Hawaii,Courtship,tailbase,Stem1,0.984266844,22.2994653
m67d,98,Hawaii,Courtship,tailbase,Stem2,1.797397275,27.7242239
m67d,98,Hawaii,Courtship,topflank,Leaf_B1,7.11930996,18.9286349
m67d,98,Hawaii,Courtship,topflank,Leaf_B2,8.778767194,19.0223386
m67d,98,Hawaii,Courtship,topflank,Leaf_T1,4.075519047,40.8636745
m67d,98,Hawaii,Courtship,topflank,Leaf_T2,6.654482868,39.3410554
m67d,98,Hawaii,Courtship,topflank,Stem1,9.389974118,20.9647199
m67d,98,Hawaii,Courtship,topflank,Stem2,8.666341402,26.3894785
m69,117,Hawaii,Courtship,gular,Leaf_B1,6.149848347,34.0954193
m69,117,Hawaii,Courtship,gular,Leaf_B2,7.669883738,34.189123
m69,117,Hawaii,Courtship,gular,Leaf_T1,3.284359643,56.030459
m69,117,Hawaii,Courtship,gular,Leaf_T2,5.459920043,54.5078399
m69,117,Hawaii,Courtship,gular,Stem1,8.305580781,36.1315043
m69,117,Hawaii,Courtship,gular,Stem2,7.694384111,41.556263
m69,117,Hawaii,Courtship,midflank,Leaf_B1,5.82545659,31.6761496
m69,117,Hawaii,Courtship,midflank,Leaf_B2,7.497248508,31.7698533
m69,117,Hawaii,Courtship,midflank,Leaf_T1,3.687357186,53.6111893
m69,117,Hawaii,Courtship,midflank,Leaf_T2,5.70032716,52.0885702
m69,117,Hawaii,Courtship,midflank,Stem1,8.109045851,33.7122346
m69,117,Hawaii,Courtship,midflank,Stem2,7.316868296,39.1369933
m69,117,Hawaii,Courtship,tailbase,Leaf_B1,2.761750453,32.8181467
m69,117,Hawaii,Courtship,tailbase,Leaf_B2,2.574510519,32.9118504
m69,117,Hawaii,Courtship,tailbase,Leaf_T1,7.079460595,54.7531863
m69,117,Hawaii,Courtship,tailbase,Leaf_T2,4.851130496,53.2305672
m69,117,Hawaii,Courtship,tailbase,Stem1,2.524443906,34.8542317
m69,117,Hawaii,Courtship,tailbase,Stem2,1.934019076,40.2789903
m69,117,Hawaii,Courtship,topflank,Leaf_B1,5.365507547,32.9736116
m69,117,Hawaii,Courtship,topflank,Leaf_B2,7.016929889,33.0673153
m69,117,Hawaii,Courtship,topflank,Leaf_T1,3.721025923,54.9086513
m69,117,Hawaii,Courtship,topflank,Leaf_T2,5.38365114,53.3860322
m69,117,Hawaii,Courtship,topflank,Stem1,7.648353114,35.0096966
m69,117,Hawaii,Courtship,topflank,Stem2,6.822626477,40.4344553
m73d,122,Hawaii,Courtship,gular,Leaf_B1,4.05298204,22.0406571
m73d,122,Hawaii,Courtship,gular,Leaf_B2,5.727556223,22.1343608
m73d,122,Hawaii,Courtship,gular,Leaf_T1,2.707859799,43.9756968
m73d,122,Hawaii,Courtship,gular,Leaf_T2,3.972565466,42.4530777
m73d,122,Hawaii,Courtship,gular,Stem1,6.429715706,24.0767421
m73d,122,Hawaii,Courtship,gular,Stem2,5.634158528,29.5015008
m73d,122,Hawaii,Courtship,midflank,Leaf_B1,2.976514046,13.586844
m73d,122,Hawaii,Courtship,midflank,Leaf_B2,4.458653765,13.6805477
m73d,122,Hawaii,Courtship,midflank,Leaf_T1,4.035594473,35.5218836
m73d,122,Hawaii,Courtship,midflank,Leaf_T2,3.770044626,33.9992645
m73d,122,Hawaii,Courtship,midflank,Stem1,4.735515125,15.622929
m73d,122,Hawaii,Courtship,midflank,Stem2,4.148577955,21.0476876
m73d,122,Hawaii,Courtship,tailbase,Leaf_B1,3.085771567,9.8137207
m73d,122,Hawaii,Courtship,tailbase,Leaf_B2,2.084697161,9.9074244
m73d,122,Hawaii,Courtship,tailbase,Leaf_T1,7.739911877,31.7487604
m73d,122,Hawaii,Courtship,tailbase,Leaf_T2,5.0980839,30.2261413
m73d,122,Hawaii,Courtship,tailbase,Stem1,1.728978522,11.8498058
m73d,122,Hawaii,Courtship,tailbase,Stem2,1.586691848,17.2745644
m73d,122,Hawaii,Courtship,topflank,Leaf_B1,5.236726283,3.0730922
m73d,122,Hawaii,Courtship,topflank,Leaf_B2,6.780036349,3.1667959
m73d,122,Hawaii,Courtship,topflank,Leaf_T1,3.981610162,25.0081319
m73d,122,Hawaii,Courtship,topflank,Leaf_T2,5.319467494,23.4855128
m73d,122,Hawaii,Courtship,topflank,Stem1,7.10291233,5.1091772
m73d,122,Hawaii,Courtship,topflank,Stem2,6.532980122,10.5339359
m74a,,Kenya,Courtship,gular,Leaf_B1,5.261075916,19.0591869
m74a,,Kenya,Courtship,gular,Leaf_B2,4.39490912,20.3778942
m74a,,Kenya,Courtship,gular,Leaf_T1,2.502078493,34.7130334
m74a,,Kenya,Courtship,gular,Leaf_T2,4.058852715,35.7888423
m74a,,Kenya,Courtship,gular,Stem1,4.701273079,29.627732
m74a,,Kenya,Courtship,gular,Stem2,4.729684307,20.6580765
m74a,,Kenya,Courtship,midflank,Leaf_B1,5.92593651,24.0664351
m74a,,Kenya,Courtship,midflank,Leaf_B2,5.06431531,25.3851425
m74a,,Kenya,Courtship,midflank,Leaf_T1,3.126960849,39.7202817
m74a,,Kenya,Courtship,midflank,Leaf_T2,4.722070648,40.7960906
m74a,,Kenya,Courtship,midflank,Stem1,5.158008216,34.6349803
m74a,,Kenya,Courtship,midflank,Stem2,5.10611381,25.6653248
m74a,,Kenya,Courtship,tailbase,Leaf_B1,1.590639551,16.6768896
m74a,,Kenya,Courtship,tailbase,Leaf_B2,1.014614969,17.995597
m74a,,Kenya,Courtship,tailbase,Leaf_T1,3.494465318,32.3307362
m74a,,Kenya,Courtship,tailbase,Leaf_T2,1.561733111,33.4065451
m74a,,Kenya,Courtship,tailbase,Stem1,2.202626044,27.2454347
m74a,,Kenya,Courtship,tailbase,Stem2,2.547990609,18.2757793
m74a,,Kenya,Courtship,topflank,Leaf_B1,3.551722271,12.280277
m74a,,Kenya,Courtship,topflank,Leaf_B2,2.780589041,13.5989844
m74a,,Kenya,Courtship,topflank,Leaf_T1,2.722869708,27.9341236
m74a,,Kenya,Courtship,topflank,Leaf_T2,2.533499349,29.0099324
m74a,,Kenya,Courtship,topflank,Stem1,2.407229796,22.8488221
m74a,,Kenya,Courtship,topflank,Stem2,2.55771677,13.8791666
m74b,130,Kenya,Courtship,gular,Leaf_B1,5.841949203,26.0898663
m74b,130,Kenya,Courtship,gular,Leaf_B2,5.00559449,27.4085736
m74b,130,Kenya,Courtship,gular,Leaf_T1,2.279894615,41.7437129
m74b,130,Kenya,Courtship,gular,Leaf_T2,4.514062143,42.8195217
m74b,130,Kenya,Courtship,gular,Stem1,5.449578494,36.6584114
m74b,130,Kenya,Courtship,gular,Stem2,5.668260381,27.6887559
m74b,130,Kenya,Courtship,gular,Leaf_B1,3.1667196,25.797707
m74b,130,Kenya,Courtship,gular,Leaf_B2,2.388354816,27.1164144
m74b,130,Kenya,Courtship,gular,Leaf_T1,0.94236684,41.4515536
m74b,130,Kenya,Courtship,gular,Leaf_T2,1.812291212,42.5273625
m74b,130,Kenya,Courtship,gular,Stem1,3.327298257,36.3662521
m74b,130,Kenya,Courtship,gular,Stem2,3.921900761,27.3965967
m74b,130,Kenya,Courtship,midflank,Leaf_B1,4.37555498,16.2688735
m74b,130,Kenya,Courtship,midflank,Leaf_B2,3.561551714,17.5875808
m74b,130,Kenya,Courtship,midflank,Leaf_T1,2.251733269,31.92272
m74b,130,Kenya,Courtship,midflank,Leaf_T2,3.351503726,32.9985289
m74b,130,Kenya,Courtship,midflank,Stem1,4.520441201,26.8374186
m74b,130,Kenya,Courtship,midflank,Stem2,4.663813334,17.8677631
m74b,130,Kenya,Courtship,midflank,Leaf_B1,6.12985529,21.3153755
m74b,130,Kenya,Courtship,midflank,Leaf_B2,5.26967456,22.6340829
m74b,130,Kenya,Courtship,midflank,Leaf_T1,2.884663374,36.9692221
m74b,130,Kenya,Courtship,midflank,Leaf_T2,4.871873632,38.045031
m74b,130,Kenya,Courtship,midflank,Stem1,5.633451146,31.8839206
m74b,130,Kenya,Courtship,midflank,Stem2,5.692909921,22.9142652
m74b,130,Kenya,Courtship,tailbase,Leaf_B1,3.250364506,13.0699012
m74b,130,Kenya,Courtship,tailbase,Leaf_B2,3.573524864,14.3886086
m74b,130,Kenya,Courtship,tailbase,Leaf_T1,5.919456434,28.7237478
m74b,130,Kenya,Courtship,tailbase,Leaf_T2,4.102847183,29.7995567
m74b,130,Kenya,Courtship,tailbase,Stem1,4.965139138,23.6384463
m74b,130,Kenya,Courtship,tailbase,Stem2,5.298856803,14.6687909
m74b,130,Kenya,Courtship,tailbase,Leaf_B1,3.046642681,10.0028123
m74b,130,Kenya,Courtship,tailbase,Leaf_B2,2.921541358,11.3215196
m74b,130,Kenya,Courtship,tailbase,Leaf_T1,4.667951683,25.6566589
m74b,130,Kenya,Courtship,tailbase,Leaf_T2,3.356178381,26.7324677
m74b,130,Kenya,Courtship,tailbase,Stem1,4.422470284,20.5713574
m74b,130,Kenya,Courtship,tailbase,Stem2,4.651551066,11.6017019
m74b,130,Kenya,Courtship,topflank,Leaf_B1,7.144099677,14.3531966
m74b,130,Kenya,Courtship,topflank,Leaf_B2,6.301267002,15.6719039
m74b,130,Kenya,Courtship,topflank,Leaf_T1,3.520211336,30.0070432
m74b,130,Kenya,Courtship,topflank,Leaf_T2,5.848324147,31.082852
m74b,130,Kenya,Courtship,topflank,Stem1,6.812686561,24.9217417
m74b,130,Kenya,Courtship,topflank,Stem2,6.935378104,15.9520862
m74b,130,Kenya,Courtship,topflank,Leaf_B1,7.604061227,15.625774
m74b,130,Kenya,Courtship,topflank,Leaf_B2,6.76253047,16.9444813
m74b,130,Kenya,Courtship,topflank,Leaf_T1,4.24565432,31.2796206
m74b,130,Kenya,Courtship,topflank,Leaf_T2,6.405751866,32.3554294
m74b,130,Kenya,Courtship,topflank,Stem1,7.399324598,26.1943191
m74b,130,Kenya,Courtship,topflank,Stem2,7.419310772,17.2246636
m78,,Hawaii,Courtship,gular,Leaf_B1,1.242392086,34.9087897
m78,,Hawaii,Courtship,gular,Leaf_B2,1.45295989,35.0024934
m78,,Hawaii,Courtship,gular,Leaf_T1,5.598745338,56.8438293
m78,,Hawaii,Courtship,gular,Leaf_T2,3.098013646,55.3212102
m78,,Hawaii,Courtship,gular,Stem1,2.530154752,36.9448747
m78,,Hawaii,Courtship,gular,Stem2,1.606781327,42.3696333
m78,,Hawaii,Courtship,midflank,Leaf_B1,6.183583923,35.2574016
m78,,Hawaii,Courtship,midflank,Leaf_B2,7.816558281,35.3511053
m78,,Hawaii,Courtship,midflank,Leaf_T1,3.11560932,57.1924412
m78,,Hawaii,Courtship,midflank,Leaf_T2,5.601699657,55.6698221
m78,,Hawaii,Courtship,midflank,Stem1,8.495957948,37.2934866
m78,,Hawaii,Courtship,midflank,Stem2,7.782930989,42.7182452
m78,,Hawaii,Courtship,tailbase,Leaf_B1,2.975475951,4.0843736
m78,,Hawaii,Courtship,tailbase,Leaf_B2,1.83467798,4.1780773
m78,,Hawaii,Courtship,tailbase,Leaf_T1,7.657071766,26.0194132
m78,,Hawaii,Courtship,tailbase,Leaf_T2,4.974116611,24.4967941
m78,,Hawaii,Courtship,tailbase,Stem1,0.343914669,6.1204586
m78,,Hawaii,Courtship,tailbase,Stem2,1.207677126,11.5452172
m78,,Hawaii,Courtship,topflank,Leaf_B1,2.726111091,14.6441044
m78,,Hawaii,Courtship,topflank,Leaf_B2,4.386191311,14.7378081
m78,,Hawaii,Courtship,topflank,Leaf_T1,3.067616921,36.579144
m78,,Hawaii,Courtship,topflank,Leaf_T2,3.050131506,35.0565249
m78,,Hawaii,Courtship,topflank,Stem1,5.060991508,16.6801894
m78,,Hawaii,Courtship,topflank,Stem2,4.291600067,22.104948
m78b,114,Hawaii,Courtship,gular,Leaf_B1,2.054166408,23.5464668
m78b,114,Hawaii,Courtship,gular,Leaf_B2,1.888021298,23.6401705
m78b,114,Hawaii,Courtship,gular,Leaf_T1,6.39979736,45.4815065
m78b,114,Hawaii,Courtship,gular,Leaf_T2,4.003577089,43.9588874
m78b,114,Hawaii,Courtship,gular,Stem1,2.424660145,25.5825518
m78b,114,Hawaii,Courtship,gular,Stem2,1.62570906,31.0073105
m78b,114,Hawaii,Courtship,midflank,Leaf_B1,5.328911327,28.6865019
m78b,114,Hawaii,Courtship,midflank,Leaf_B2,6.987613599,28.7802056
m78b,114,Hawaii,Courtship,midflank,Leaf_T1,3.311387165,50.6215416
m78b,114,Hawaii,Courtship,midflank,Leaf_T2,5.189412278,49.0989225
m78b,114,Hawaii,Courtship,midflank,Stem1,7.538142165,30.7225869
m78b,114,Hawaii,Courtship,midflank,Stem2,6.818660764,36.1473456
m78b,114,Hawaii,Courtship,tailbase,Leaf_B1,2.943662405,24.2841187
m78b,114,Hawaii,Courtship,tailbase,Leaf_B2,1.981019935,24.3778224
m78b,114,Hawaii,Courtship,tailbase,Leaf_T1,7.644008723,46.2191583
m78b,114,Hawaii,Courtship,tailbase,Leaf_T2,5.031270158,44.6965392
m78b,114,Hawaii,Courtship,tailbase,Stem1,1.422262297,26.3202037
m78b,114,Hawaii,Courtship,tailbase,Stem2,1.324242575,31.7449623
m78b,114,Hawaii,Courtship,topflank,Leaf_B1,3.869874311,24.8384618
m78b,114,Hawaii,Courtship,topflank,Leaf_B2,5.540034436,24.9321655
m78b,114,Hawaii,Courtship,topflank,Leaf_T1,2.636009163,46.7735015
m78b,114,Hawaii,Courtship,topflank,Leaf_T2,3.781417042,45.2508824
m78b,114,Hawaii,Courtship,topflank,Stem1,6.241317452,26.8745468
m78b,114,Hawaii,Courtship,topflank,Stem2,5.460985949,32.2993055
m79c,120,Hawaii,Courtship,gular,Leaf_B1,4.435966573,33.3521257
m79c,120,Hawaii,Courtship,gular,Leaf_B2,6.056236371,33.4458294
m79c,120,Hawaii,Courtship,gular,Leaf_T1,2.345019923,55.2871654
m79c,120,Hawaii,Courtship,gular,Leaf_T2,4.004496606,53.7645463
m79c,120,Hawaii,Courtship,gular,Stem1,6.773887668,35.3882107
m79c,120,Hawaii,Courtship,gular,Stem2,6.054730661,40.8129694
m79c,120,Hawaii,Courtship,midflank,Leaf_B1,2.200583888,30.1130895
m79c,120,Hawaii,Courtship,midflank,Leaf_B2,3.837538502,30.2067932
m79c,120,Hawaii,Courtship,midflank,Leaf_T1,3.61006411,52.0481292
m79c,120,Hawaii,Courtship,midflank,Leaf_T2,2.963596057,50.5255101
m79c,120,Hawaii,Courtship,midflank,Stem1,4.590298538,32.1491745
m79c,120,Hawaii,Courtship,midflank,Stem2,3.717332891,37.5739332
m79c,120,Hawaii,Courtship,tailbase,Leaf_B1,2.756087013,26.5120497
m79c,120,Hawaii,Courtship,tailbase,Leaf_B2,2.696989809,26.6057534
m79c,120,Hawaii,Courtship,tailbase,Leaf_T1,6.804472961,48.4470893
m79c,120,Hawaii,Courtship,tailbase,Leaf_T2,4.616767264,46.9244703
m79c,120,Hawaii,Courtship,tailbase,Stem1,3.031659956,28.5481347
m79c,120,Hawaii,Courtship,tailbase,Stem2,2.330415933,33.9728933
m79c,120,Hawaii,Courtship,topflank,Leaf_B1,7.635475924,22.5111442
m79c,120,Hawaii,Courtship,topflank,Leaf_B2,9.249544304,22.604848
m79c,120,Hawaii,Courtship,topflank,Leaf_T1,3.588116491,44.4461839
m79c,120,Hawaii,Courtship,topflank,Leaf_T2,6.630375843,42.9235648
m79c,120,Hawaii,Courtship,topflank,Stem1,10.12168708,24.5472293
m79c,120,Hawaii,Courtship,topflank,Stem2,9.354281453,29.9719879
m7a,100,Kenya,Courtship,gular,Leaf_B1,2.35696653,25.7628227
m7a,100,Kenya,Courtship,gular,Leaf_B2,3.009436699,27.0815301
m7a,100,Kenya,Courtship,gular,Leaf_T1,5.67442368,41.4166693
m7a,100,Kenya,Courtship,gular,Leaf_T2,3.472464944,42.4924781
m7a,100,Kenya,Courtship,gular,Stem1,4.303623588,36.3313678
m7a,100,Kenya,Courtship,gular,Stem2,4.920384232,27.3617123
m7a,100,Kenya,Courtship,midflank,Leaf_B1,7.961273095,17.1264512
m7a,100,Kenya,Courtship,midflank,Leaf_B2,7.113548546,18.4451586
m7a,100,Kenya,Courtship,midflank,Leaf_T1,4.360586355,32.7802978
m7a,100,Kenya,Courtship,midflank,Leaf_T2,6.678780165,33.8561067
m7a,100,Kenya,Courtship,midflank,Stem1,7.586965963,27.6949963
m7a,100,Kenya,Courtship,midflank,Stem2,7.649003181,18.7253409
m7a,100,Kenya,Courtship,tailbase,Leaf_B1,2.752682655,6.5037305
m7a,100,Kenya,Courtship,tailbase,Leaf_B2,3.563377264,7.8224379
m7a,100,Kenya,Courtship,tailbase,Leaf_T1,6.594301102,22.1575771
m7a,100,Kenya,Courtship,tailbase,Leaf_T2,4.102935308,23.233386
m7a,100,Kenya,Courtship,tailbase,Stem1,4.277442283,17.0722756
m7a,100,Kenya,Courtship,tailbase,Stem2,4.825988143,8.1026202
m7a,100,Kenya,Courtship,topflank,Leaf_B1,5.326190221,10.7101193
m7a,100,Kenya,Courtship,topflank,Leaf_B2,4.645960844,12.0288267
m7a,100,Kenya,Courtship,topflank,Leaf_T1,3.271375494,26.3639659
m7a,100,Kenya,Courtship,topflank,Leaf_T2,4.478238482,27.4397747
m7a,100,Kenya,Courtship,topflank,Stem1,5.964580276,21.2786644
m7a,100,Kenya,Courtship,topflank,Stem2,6.160125912,12.3090089
m7c,110,Kenya,Courtship,gular,Leaf_B1,4.520857915,16.2516236
m7c,110,Kenya,Courtship,gular,Leaf_B2,3.746574428,17.5703309
m7c,110,Kenya,Courtship,gular,Leaf_T1,1.218228604,31.9054702
m7c,110,Kenya,Courtship,gular,Leaf_T2,3.289475496,32.981279
m7c,110,Kenya,Courtship,gular,Stem1,4.829509324,26.8201687
m7c,110,Kenya,Courtship,gular,Stem2,5.236028449,17.8505132
m7c,110,Kenya,Courtship,midflank,Leaf_B1,6.918440871,25.7846191
m7c,110,Kenya,Courtship,midflank,Leaf_B2,6.069536621,27.1033265
m7c,110,Kenya,Courtship,midflank,Leaf_T1,3.390582557,41.4384657
m7c,110,Kenya,Courtship,midflank,Leaf_T2,5.612867714,42.5142746
m7c,110,Kenya,Courtship,midflank,Stem1,6.415441651,36.3531643
m7c,110,Kenya,Courtship,midflank,Stem2,6.514505717,27.3835088
m7c,110,Kenya,Courtship,tailbase,Leaf_B1,1.560392492,7.3349778
m7c,110,Kenya,Courtship,tailbase,Leaf_B2,2.304218448,6.0162704
m7c,110,Kenya,Courtship,tailbase,Leaf_T1,5.481323262,8.3188688
m7c,110,Kenya,Courtship,tailbase,Leaf_T2,2.839133304,9.3946777
m7c,110,Kenya,Courtship,tailbase,Stem1,2.399222244,3.2335673
m7c,110,Kenya,Courtship,tailbase,Stem2,3.051289739,5.7360881
m7c,110,Kenya,Courtship,topflank,Leaf_B1,5.806829033,5.9016524
m7c,110,Kenya,Courtship,topflank,Leaf_B2,5.004403127,7.2203597
m7c,110,Kenya,Courtship,topflank,Leaf_T1,2.111561002,21.555499
m7c,110,Kenya,Courtship,topflank,Leaf_T2,4.438259284,22.6313078
m7c,110,Kenya,Courtship,topflank,Stem1,5.411449695,16.4701975
m7c,110,Kenya,Courtship,topflank,Stem2,5.739541951,7.500542
m8,105,Kenya,Courtship,gular,Leaf_B1,2.772526187,6.6823019
m8,105,Kenya,Courtship,gular,Leaf_B2,2.707417758,8.0010093
m8,105,Kenya,Courtship,gular,Leaf_T1,4.487648225,22.3361485
m8,105,Kenya,Courtship,gular,Leaf_T2,3.103157223,23.4119573
m8,105,Kenya,Courtship,gular,Stem1,4.328593535,17.250847
m8,105,Kenya,Courtship,gular,Stem2,4.676780551,8.2811915
m8,105,Kenya,Courtship,midflank,Leaf_B1,5.978797231,18.0917464
m8,105,Kenya,Courtship,midflank,Leaf_B2,5.138086638,19.4104537
m8,105,Kenya,Courtship,midflank,Leaf_T1,3.264799175,33.7455929
m8,105,Kenya,Courtship,midflank,Leaf_T2,4.761912517,34.8214018
m8,105,Kenya,Courtship,midflank,Stem1,5.022266631,28.6602915
m8,105,Kenya,Courtship,midflank,Stem2,4.988960604,19.690636
m8,105,Kenya,Courtship,tailbase,Leaf_B1,2.191162999,12.4571938
m8,105,Kenya,Courtship,tailbase,Leaf_B2,2.103163261,13.7759011
m8,105,Kenya,Courtship,tailbase,Leaf_T1,4.940436676,28.1110404
m8,105,Kenya,Courtship,tailbase,Leaf_T2,2.791703366,29.1868492
m8,105,Kenya,Courtship,tailbase,Stem1,2.047253716,23.0257389
m8,105,Kenya,Courtship,tailbase,Stem2,1.863378608,14.0560834
m8,105,Kenya,Courtship,topflank,Leaf_B1,2.743298618,2.8358111
m8,105,Kenya,Courtship,topflank,Leaf_B2,2.310540858,1.5171037
m8,105,Kenya,Courtship,topflank,Leaf_T1,4.317291823,12.8180355
m8,105,Kenya,Courtship,topflank,Leaf_T2,2.630259995,13.8938444
m8,105,Kenya,Courtship,topflank,Stem1,1.104205777,7.732734
m8,105,Kenya,Courtship,topflank,Stem2,0.559113686,1.2369214
m80b,110,Hawaii,Courtship,gular,Leaf_B1,7.20481018,36.2735396
m80b,110,Hawaii,Courtship,gular,Leaf_B2,8.762886757,36.3672433
m80b,110,Hawaii,Courtship,gular,Leaf_T1,4.00509251,58.2085792
m80b,110,Hawaii,Courtship,gular,Leaf_T2,6.502155718,56.6859601
m80b,110,Hawaii,Courtship,gular,Stem1,9.377538361,38.3096246
m80b,110,Hawaii,Courtship,gular,Stem2,8.751504379,43.7343832
m80b,110,Hawaii,Courtship,midflank,Leaf_B1,3.566687511,32.1950776
m80b,110,Hawaii,Courtship,midflank,Leaf_B2,5.202621958,32.2887813
m80b,110,Hawaii,Courtship,midflank,Leaf_T1,3.351548504,54.1301173
m80b,110,Hawaii,Courtship,midflank,Leaf_T2,3.932252256,52.6074982
m80b,110,Hawaii,Courtship,midflank,Stem1,5.686035181,34.2311626
m80b,110,Hawaii,Courtship,midflank,Stem2,4.976314008,39.6559213
m80b,110,Hawaii,Courtship,tailbase,Leaf_B1,3.159904708,16.8374807
m80b,110,Hawaii,Courtship,tailbase,Leaf_B2,2.164993136,16.9311845
m80b,110,Hawaii,Courtship,tailbase,Leaf_T1,7.810164834,38.7725204
m80b,110,Hawaii,Courtship,tailbase,Leaf_T2,5.174849244,37.2499013
m80b,110,Hawaii,Courtship,tailbase,Stem1,1.777993548,18.8735658
m80b,110,Hawaii,Courtship,tailbase,Stem2,1.656569409,24.2983244
m80b,110,Hawaii,Courtship,topflank,Leaf_B1,2.680090355,23.1316288
m80b,110,Hawaii,Courtship,topflank,Leaf_B2,4.308421831,23.2253325
m80b,110,Hawaii,Courtship,topflank,Leaf_T1,3.52864479,45.0666685
m80b,110,Hawaii,Courtship,topflank,Leaf_T2,3.294616368,43.5440494
m80b,110,Hawaii,Courtship,topflank,Stem1,5.028443421,25.1677138
m80b,110,Hawaii,Courtship,topflank,Stem2,4.15895894,30.5924725
m82d,121,Hawaii,Courtship,gular,Leaf_B1,1.058606199,24.0799091
m82d,121,Hawaii,Courtship,gular,Leaf_B2,0.680370891,24.1736128
m82d,121,Hawaii,Courtship,gular,Leaf_T1,5.528611971,46.0149488
m82d,121,Hawaii,Courtship,gular,Leaf_T2,2.718988971,44.4923297
m82d,121,Hawaii,Courtship,gular,Stem1,2.109660867,26.1159941
m82d,121,Hawaii,Courtship,gular,Stem2,1.406379752,31.5407528
m82d,121,Hawaii,Courtship,midflank,Leaf_B1,3.724687213,22.865515
m82d,121,Hawaii,Courtship,midflank,Leaf_B2,5.206668434,22.9592187
m82d,121,Hawaii,Courtship,midflank,Leaf_T1,2.620305849,44.8005546
m82d,121,Hawaii,Courtship,midflank,Leaf_T2,3.290054266,43.2779355
m82d,121,Hawaii,Courtship,midflank,Stem1,5.916540948,24.9016
m82d,121,Hawaii,Courtship,midflank,Stem2,5.286255299,30.3263586
m82d,121,Hawaii,Courtship,tailbase,Leaf_B1,4.033773719,17.5365556
m82d,121,Hawaii,Courtship,tailbase,Leaf_B2,2.573998843,17.6302593
m82d,121,Hawaii,Courtship,tailbase,Leaf_T1,8.713082949,39.4715953
m82d,121,Hawaii,Courtship,tailbase,Leaf_T2,5.832065019,37.9489762
m82d,121,Hawaii,Courtship,tailbase,Stem1,1.876052279,19.5726406
m82d,121,Hawaii,Courtship,tailbase,Stem2,2.357072926,24.9973993
m82d,121,Hawaii,Courtship,topflank,Leaf_B1,1.529771739,21.843783
m82d,121,Hawaii,Courtship,topflank,Leaf_B2,2.171339107,21.9374867
m82d,121,Hawaii,Courtship,topflank,Leaf_T1,5.691610813,43.7788227
m82d,121,Hawaii,Courtship,topflank,Leaf_T2,3.624622151,42.2562036
m82d,121,Hawaii,Courtship,topflank,Stem1,2.672257732,23.879868
m82d,121,Hawaii,Courtship,topflank,Stem2,1.761320799,29.3046267
m89,102,Hawaii,Courtship,gular,Leaf_B1,7.943237674,38.2582637
m89,102,Hawaii,Courtship,gular,Leaf_B2,9.48746517,38.3519674
m89,102,Hawaii,Courtship,gular,Leaf_T1,4.507098309,60.1933034
m89,102,Hawaii,Courtship,gular,Leaf_T2,7.130922678,58.6706843
m89,102,Hawaii,Courtship,gular,Stem1,10.12539662,40.2943487
m89,102,Hawaii,Courtship,gular,Stem2,9.505272677,45.7191074
m89,102,Hawaii,Courtship,midflank,Leaf_B1,4.476337309,33.9339877
m89,102,Hawaii,Courtship,midflank,Leaf_B2,6.125787327,34.0276915
m89,102,Hawaii,Courtship,midflank,Leaf_T1,3.76177857,55.8690274
m89,102,Hawaii,Courtship,midflank,Leaf_T2,4.847552347,54.3464083
m89,102,Hawaii,Courtship,midflank,Stem1,6.591135419,35.9700728
m89,102,Hawaii,Courtship,midflank,Stem2,5.827454156,41.3948314
m89,102,Hawaii,Courtship,tailbase,Leaf_B1,3.67547395,25.6987846
m89,102,Hawaii,Courtship,tailbase,Leaf_B2,2.964711875,25.7924883
m89,102,Hawaii,Courtship,tailbase,Leaf_T1,8.339369917,47.6338242
m89,102,Hawaii,Courtship,tailbase,Leaf_T2,5.945948037,46.1112051
m89,102,Hawaii,Courtship,tailbase,Stem1,1.560147708,27.7348696
m89,102,Hawaii,Courtship,tailbase,Stem2,1.923955754,33.1596282
m8a,140,Kenya,Courtship,gular,Leaf_B1,3.8947197,20.6617357
m8a,140,Kenya,Courtship,gular,Leaf_B2,3.163451826,21.980443
m8a,140,Kenya,Courtship,gular,Leaf_T1,1.001184308,36.3155822
m8a,140,Kenya,Courtship,gular,Leaf_T2,2.514776263,37.3913911
m8a,140,Kenya,Courtship,gular,Stem1,3.68267299,31.2302808
m8a,140,Kenya,Courtship,gular,Stem2,4.286548202,22.2606253
m8a,140,Kenya,Courtship,gular,Leaf_B1,4.067553812,24.2772128
m8a,140,Kenya,Courtship,gular,Leaf_B2,3.2993596,25.5959202
m8a,140,Kenya,Courtship,gular,Leaf_T1,1.49865907,39.9310594
m8a,140,Kenya,Courtship,gular,Leaf_T2,2.728368097,41.0068682
m8a,140,Kenya,Courtship,gular,Stem1,3.532076928,34.8457579
m8a,140,Kenya,Courtship,gular,Stem2,4.00677978,25.8761024
m8a,140,Kenya,Courtship,midflank,Leaf_B1,9.170598305,19.2714458
m8a,140,Kenya,Courtship,midflank,Leaf_B2,8.332039465,20.5901532
m8a,140,Kenya,Courtship,midflank,Leaf_T1,5.488312265,34.9252924
m8a,140,Kenya,Courtship,midflank,Leaf_T2,7.836107131,36.0011012
m8a,140,Kenya,Courtship,midflank,Stem1,8.55451808,29.8399909
m8a,140,Kenya,Courtship,midflank,Stem2,8.61987414,20.8703354
m8a,140,Kenya,Courtship,midflank,Leaf_B1,10.41084582,18.9890897
m8a,140,Kenya,Courtship,midflank,Leaf_B2,9.588464735,20.307797
m8a,140,Kenya,Courtship,midflank,Leaf_T1,6.618549359,34.6429363
m8a,140,Kenya,Courtship,midflank,Leaf_T2,9.05302552,35.7187451
m8a,140,Kenya,Courtship,midflank,Stem1,9.819903259,29.5576348
m8a,140,Kenya,Courtship,midflank,Stem2,9.928906756,20.5879793
m8a,140,Kenya,Courtship,tailbase,Leaf_B1,2.097898544,12.9719056
m8a,140,Kenya,Courtship,tailbase,Leaf_B2,1.893145678,14.290613
m8a,140,Kenya,Courtship,tailbase,Leaf_T1,3.70431032,28.6257522
m8a,140,Kenya,Courtship,tailbase,Leaf_T2,2.216611483,29.7015611
m8a,140,Kenya,Courtship,tailbase,Stem1,3.625724074,23.5404508
m8a,140,Kenya,Courtship,tailbase,Stem2,4.093801953,14.5707953
m8a,140,Kenya,Courtship,topflank,Leaf_B1,6.399366277,6.411814
m8a,140,Kenya,Courtship,topflank,Leaf_B2,5.626508269,7.7305214
m8a,140,Kenya,Courtship,topflank,Leaf_T1,3.116523363,22.0656606
m8a,140,Kenya,Courtship,topflank,Leaf_T2,5.060405051,23.1414695
m8a,140,Kenya,Courtship,topflank,Stem1,5.619321476,16.9803592
m8a,140,Kenya,Courtship,topflank,Stem2,5.889389157,8.0107037
m8c,105,Kenya,Courtship,gular,Leaf_B1,6.092911842,19.6142942
m8c,105,Kenya,Courtship,gular,Leaf_B2,5.270810457,20.9330016
m8c,105,Kenya,Courtship,gular,Leaf_T1,2.397662362,35.2681408
m8c,105,Kenya,Courtship,gular,Leaf_T2,4.742736843,36.3439497
m8c,105,Kenya,Courtship,gular,Stem1,5.714290923,30.1828393
m8c,105,Kenya,Courtship,gular,Stem2,5.973833598,21.2131839
m8c,105,Kenya,Courtship,gular,Leaf_B1,7.947832879,9.3205676
m8c,105,Kenya,Courtship,gular,Leaf_B2,7.098322152,10.6392749
m8c,105,Kenya,Courtship,gular,Leaf_T1,4.443229194,24.9744142
m8c,105,Kenya,Courtship,gular,Leaf_T2,6.641701474,26.050223
m8c,105,Kenya,Courtship,gular,Stem1,7.285858357,19.8891127
m8c,105,Kenya,Courtship,gular,Stem2,7.316695093,10.9194572
m8c,105,Kenya,Courtship,midflank,Leaf_B1,7.187044567,12.881687
m8c,105,Kenya,Courtship,midflank,Leaf_B2,6.367993387,14.2003943
m8c,105,Kenya,Courtship,midflank,Leaf_T1,3.992079284,28.5355335
m8c,105,Kenya,Courtship,midflank,Leaf_T2,5.89072722,29.6113424
m8c,105,Kenya,Courtship,midflank,Stem1,6.262713164,23.4502321
m8c,105,Kenya,Courtship,midflank,Stem2,6.322472277,14.4805766
m8c,105,Kenya,Courtship,tailbase,Leaf_B1,0.292743443,6.8165139
m8c,105,Kenya,Courtship,tailbase,Leaf_B2,0.673144531,8.1352212
m8c,105,Kenya,Courtship,tailbase,Leaf_T1,3.896174162,22.4703605
m8c,105,Kenya,Courtship,tailbase,Leaf_T2,1.310876328,23.5461693
m8c,105,Kenya,Courtship,tailbase,Stem1,1.984276821,17.385059
m8c,105,Kenya,Courtship,tailbase,Stem2,2.756136306,8.4154035
m8c,105,Kenya,Courtship,topflank,Leaf_B1,8.004021353,4.6716515
m8c,105,Kenya,Courtship,topflank,Leaf_B2,7.194156679,5.9903589
m8c,105,Kenya,Courtship,topflank,Leaf_T1,4.216205952,20.3254981
m8c,105,Kenya,Courtship,topflank,Leaf_T2,6.637348409,21.401307
m8c,105,Kenya,Courtship,topflank,Stem1,7.497551666,15.2401967
m8c,105,Kenya,Courtship,topflank,Stem2,7.710048989,6.2705412
m9,102,Hawaii,Courtship,gular,Leaf_B1,1.781088205,25.9618176
m9,102,Hawaii,Courtship,gular,Leaf_B2,3.43074459,26.0555213
m9,102,Hawaii,Courtship,gular,Leaf_T1,3.847181114,47.8968573
m9,102,Hawaii,Courtship,gular,Leaf_T2,2.861165413,46.3742382
m9,102,Hawaii,Courtship,gular,Stem1,4.068155681,27.9979026
m9,102,Hawaii,Courtship,gular,Stem2,3.253605369,33.4226613
m9,102,Hawaii,Courtship,midflank,Leaf_B1,6.157371038,27.0612287
m9,102,Hawaii,Courtship,midflank,Leaf_B2,7.824154355,27.1549324
m9,102,Hawaii,Courtship,midflank,Leaf_T1,3.548632786,48.9962684
m9,102,Hawaii,Courtship,midflank,Leaf_T2,5.842397276,47.4736493
m9,102,Hawaii,Courtship,midflank,Stem1,8.425397934,29.0973137
m9,102,Hawaii,Courtship,midflank,Stem2,7.687415744,34.5220724
m9,102,Hawaii,Courtship,tailbase,Leaf_B1,2.56198607,17.2414835
m9,102,Hawaii,Courtship,tailbase,Leaf_B2,2.956072156,17.3351872
m9,102,Hawaii,Courtship,tailbase,Leaf_T1,6.467662811,39.1765231
m9,102,Hawaii,Courtship,tailbase,Leaf_T2,4.667014212,37.653904
m9,102,Hawaii,Courtship,tailbase,Stem1,2.1694004,19.2775685
m9,102,Hawaii,Courtship,tailbase,Stem2,2.036245235,24.7023271
m9,102,Hawaii,Courtship,topflank,Leaf_B1,3.109031212,24.0645989
m9,102,Hawaii,Courtship,topflank,Leaf_B2,4.759507129,24.1583027
m9,102,Hawaii,Courtship,topflank,Leaf_T1,3.528840622,45.9996386
m9,102,Hawaii,Courtship,topflank,Leaf_T2,3.71369185,44.4770195
m9,102,Hawaii,Courtship,topflank,Stem1,5.27751464,26.100684
m9,102,Hawaii,Courtship,topflank,Stem2,4.5064054,31.5254426
m90,114,Hawaii,Courtship,gular,Leaf_B1,3.284498134,34.1427883
m90,114,Hawaii,Courtship,gular,Leaf_B2,4.761658473,34.236492
m90,114,Hawaii,Courtship,gular,Leaf_T1,2.950654007,56.0778279
m90,114,Hawaii,Courtship,gular,Leaf_T2,3.126472085,54.5552088
m90,114,Hawaii,Courtship,gular,Stem1,5.411142055,36.1788733
m90,114,Hawaii,Courtship,gular,Stem2,4.791128888,41.6036319
m90,114,Hawaii,Courtship,gular,Leaf_B1,3.284498134,34.1427883
m90,114,Hawaii,Courtship,gular,Leaf_B2,4.761658473,34.236492
m90,114,Hawaii,Courtship,gular,Leaf_T1,2.950654007,56.0778279
m90,114,Hawaii,Courtship,gular,Leaf_T2,3.126472085,54.5552088
m90,114,Hawaii,Courtship,gular,Stem1,5.411142055,36.1788733
m90,114,Hawaii,Courtship,gular,Stem2,4.791128888,41.6036319
m90,114,Hawaii,Courtship,midflank,Leaf_B1,4.607748351,35.9267478
m90,114,Hawaii,Courtship,midflank,Leaf_B2,6.261037362,36.0204515
m90,114,Hawaii,Courtship,midflank,Leaf_T1,2.775555394,57.8617875
m90,114,Hawaii,Courtship,midflank,Leaf_T2,4.407399899,56.3391684
m90,114,Hawaii,Courtship,midflank,Stem1,6.891199009,37.9628328
m90,114,Hawaii,Courtship,midflank,Stem2,6.160041364,43.3875915
m90,114,Hawaii,Courtship,midflank,Leaf_B1,4.607748351,35.9267478
m90,114,Hawaii,Courtship,midflank,Leaf_B2,6.261037362,36.0204515
m90,114,Hawaii,Courtship,midflank,Leaf_T1,2.775555394,57.8617875
m90,114,Hawaii,Courtship,midflank,Leaf_T2,4.407399899,56.3391684
m90,114,Hawaii,Courtship,midflank,Stem1,6.891199009,37.9628328
m90,114,Hawaii,Courtship,midflank,Stem2,6.160041364,43.3875915
m90,114,Hawaii,Courtship,tailbase,Leaf_B1,2.877695042,31.3967992
m90,114,Hawaii,Courtship,tailbase,Leaf_B2,2.045870406,31.4905029
m90,114,Hawaii,Courtship,tailbase,Leaf_T1,7.566918193,53.3318388
m90,114,Hawaii,Courtship,tailbase,Leaf_T2,5.020597134,51.8092197
m90,114,Hawaii,Courtship,tailbase,Stem1,1.444035033,33.4328842
m90,114,Hawaii,Courtship,tailbase,Stem2,1.278751806,38.8576428
m90,114,Hawaii,Courtship,tailbase,Leaf_B1,2.877695042,31.3967992
m90,114,Hawaii,Courtship,tailbase,Leaf_B2,2.045870406,31.4905029
m90,114,Hawaii,Courtship,tailbase,Leaf_T1,7.566918193,53.3318388
m90,114,Hawaii,Courtship,tailbase,Leaf_T2,5.020597134,51.8092197
m90,114,Hawaii,Courtship,tailbase,Stem1,1.444035033,33.4328842
m90,114,Hawaii,Courtship,tailbase,Stem2,1.278751806,38.8576428
m90,114,Hawaii,Courtship,topflank,Leaf_B1,4.878745893,17.2621618
m90,114,Hawaii,Courtship,topflank,Leaf_B2,6.330964139,17.3558655
m90,114,Hawaii,Courtship,topflank,Leaf_T1,2.593020621,39.1972014
m90,114,Hawaii,Courtship,topflank,Leaf_T2,4.131280911,37.6745823
m90,114,Hawaii,Courtship,topflank,Stem1,7.053628317,19.2982468
m90,114,Hawaii,Courtship,topflank,Stem2,6.448433749,24.7230054
m90,114,Hawaii,Courtship,topflank,Leaf_B1,4.878745893,17.2621618
m90,114,Hawaii,Courtship,topflank,Leaf_B2,6.330964139,17.3558655
m90,114,Hawaii,Courtship,topflank,Leaf_T1,2.593020621,39.1972014
m90,114,Hawaii,Courtship,topflank,Leaf_T2,4.131280911,37.6745823
m90,114,Hawaii,Courtship,topflank,Stem1,7.053628317,19.2982468
m90,114,Hawaii,Courtship,topflank,Stem2,6.448433749,24.7230054
m95d,110,Hawaii,Courtship,gular,Leaf_B1,0.847684087,38.0801713
m95d,110,Hawaii,Courtship,gular,Leaf_B2,1.568006943,38.173875
m95d,110,Hawaii,Courtship,gular,Leaf_T1,5.475777658,60.015211
m95d,110,Hawaii,Courtship,gular,Leaf_T2,3.187250743,58.4925919
m95d,110,Hawaii,Courtship,gular,Stem1,2.167805911,40.1162563
m95d,110,Hawaii,Courtship,gular,Stem2,1.242446166,45.541015
m95d,110,Hawaii,Courtship,midflank,Leaf_B1,2.852043852,24.9199836
m95d,110,Hawaii,Courtship,midflank,Leaf_B2,4.383013637,25.0136873
m95d,110,Hawaii,Courtship,midflank,Leaf_T1,3.758893789,46.8550233
m95d,110,Hawaii,Courtship,midflank,Leaf_T2,3.518713129,45.3324042
m95d,110,Hawaii,Courtship,midflank,Stem1,4.771107774,26.9560686
m95d,110,Hawaii,Courtship,midflank,Stem2,4.141693695,32.3808273
m95d,110,Hawaii,Courtship,gular,Leaf_B1,3.974108008,40.0998391
m95d,110,Hawaii,Courtship,gular,Leaf_B2,5.463325052,40.1935428
m95d,110,Hawaii,Courtship,gular,Leaf_T1,3.077627525,62.0348788
m95d,110,Hawaii,Courtship,gular,Leaf_T2,3.808214111,60.5122597
m95d,110,Hawaii,Courtship,gular,Stem1,6.01420946,42.1359241
m95d,110,Hawaii,Courtship,gular,Stem2,5.421163463,47.5606828
m95d,110,Hawaii,Courtship,tailbase,Leaf_B1,2.400195535,5.7159089
m95d,110,Hawaii,Courtship,tailbase,Leaf_B2,2.203907038,5.8096126
m95d,110,Hawaii,Courtship,tailbase,Leaf_T1,6.819174708,27.6509485
m95d,110,Hawaii,Courtship,tailbase,Leaf_T2,4.57842536,26.1283294
m95d,110,Hawaii,Courtship,tailbase,Stem1,1.155263908,7.7519939
m95d,110,Hawaii,Courtship,tailbase,Stem2,1.221792172,13.1767525
m95d,110,Hawaii,Courtship,topflank,Leaf_B1,2.04094306,12.9251504
m95d,110,Hawaii,Courtship,topflank,Leaf_B2,2.757776806,13.0188541
m95d,110,Hawaii,Courtship,topflank,Leaf_T1,5.836654065,34.86019
m95d,110,Hawaii,Courtship,topflank,Leaf_T2,4.099398915,33.3375709
m95d,110,Hawaii,Courtship,topflank,Stem1,2.384923491,14.9612354
m95d,110,Hawaii,Courtship,topflank,Stem2,1.994775576,20.385994
m99,95,Hawaii,Courtship,gular,Leaf_B1,3.643404812,33.849404
m99,95,Hawaii,Courtship,gular,Leaf_B2,3.63168954,33.9431077
m99,95,Hawaii,Courtship,gular,Leaf_T1,7.557621348,55.7844436
m99,95,Hawaii,Courtship,gular,Leaf_T2,5.601201378,54.2618245
m99,95,Hawaii,Courtship,gular,Stem1,3.551717562,35.885489
m99,95,Hawaii,Courtship,gular,Stem2,3.013494148,41.3102476
m99,95,Hawaii,Courtship,midflank,Leaf_B1,1.991558465,21.8070832
m99,95,Hawaii,Courtship,midflank,Leaf_B2,3.480199296,21.900787
m99,95,Hawaii,Courtship,midflank,Leaf_T1,4.103069943,43.7421229
m99,95,Hawaii,Courtship,midflank,Leaf_T2,3.089160929,42.2195038
m99,95,Hawaii,Courtship,midflank,Stem1,3.892990099,23.8431683
m99,95,Hawaii,Courtship,midflank,Stem2,3.241120414,29.2679269
m99,95,Hawaii,Courtship,tailbase,Leaf_B1,2.776378479,14.3513994
m99,95,Hawaii,Courtship,tailbase,Leaf_B2,2.816400382,14.4451031
m99,95,Hawaii,Courtship,tailbase,Leaf_T1,6.997484686,36.286439
m99,95,Hawaii,Courtship,tailbase,Leaf_T2,4.993858016,34.76382
m99,95,Hawaii,Courtship,tailbase,Stem1,1.684120318,16.3874844
m99,95,Hawaii,Courtship,tailbase,Stem2,1.749375032,21.812243
m99,95,Hawaii,Courtship,topflank,Leaf_B1,4.10457881,17.5153482
m99,95,Hawaii,Courtship,topflank,Leaf_B2,5.38335751,17.6090519
m99,95,Hawaii,Courtship,topflank,Leaf_T1,4.957048716,39.4503878
m99,95,Hawaii,Courtship,topflank,Leaf_T2,4.925317937,37.9277687
m99,95,Hawaii,Courtship,topflank,Stem1,5.333968208,19.5514332
m99,95,Hawaii,Courtship,topflank,Stem2,4.947148499,24.9761918
ms5,118,Hawaii,Courtship,gular,Leaf_B1,2.314349359,26.7805234
ms5,118,Hawaii,Courtship,gular,Leaf_B2,3.955203421,26.8742271
ms5,118,Hawaii,Courtship,gular,Leaf_T1,2.726650548,48.715563
ms5,118,Hawaii,Courtship,gular,Leaf_T2,2.247045001,47.192944
ms5,118,Hawaii,Courtship,gular,Stem1,4.929848839,28.8166084
ms5,118,Hawaii,Courtship,gular,Stem2,4.084294826,34.2413671
ms5,118,Hawaii,Courtship,midflank,Leaf_B1,5.116525659,19.1847019
ms5,118,Hawaii,Courtship,midflank,Leaf_B2,6.754830779,19.2784056
ms5,118,Hawaii,Courtship,midflank,Leaf_T1,2.989742932,41.1197416
ms5,118,Hawaii,Courtship,midflank,Leaf_T2,4.853200464,39.5971225
ms5,118,Hawaii,Courtship,midflank,Stem1,7.346019917,21.2207869
ms5,118,Hawaii,Courtship,midflank,Stem2,6.645018944,26.6455456
ms5,118,Hawaii,Courtship,tailbase,Leaf_B1,2.826899022,20.5931842
ms5,118,Hawaii,Courtship,tailbase,Leaf_B2,2.689499599,20.6868879
ms5,118,Hawaii,Courtship,tailbase,Leaf_T1,6.908905904,42.5282239
ms5,118,Hawaii,Courtship,tailbase,Leaf_T2,4.682082194,41.0056048
ms5,118,Hawaii,Courtship,tailbase,Stem1,3.008285,22.6292692
ms5,118,Hawaii,Courtship,tailbase,Stem2,2.333791011,28.0540279
ms5,118,Hawaii,Courtship,topflank,Leaf_B1,4.391990415,5.7312731
ms5,118,Hawaii,Courtship,topflank,Leaf_B2,6.016314878,5.8249768
ms5,118,Hawaii,Courtship,topflank,Leaf_T1,2.02379343,27.6663127
ms5,118,Hawaii,Courtship,topflank,Leaf_T2,3.826679661,26.1436936
ms5,118,Hawaii,Courtship,topflank,Stem1,6.817157056,7.7673581
ms5,118,Hawaii,Courtship,topflank,Stem2,6.06788102,13.1921167
X29a,,Kenya,Courtship,gular,Leaf_B1,6.849925901,18.5690813
X29a,,Kenya,Courtship,gular,Leaf_B2,6.00692026,19.8877887
X29a,,Kenya,Courtship,gular,Leaf_T1,3.279296663,34.2229279
X29a,,Kenya,Courtship,gular,Leaf_T2,5.529353417,35.2987368
X29a,,Kenya,Courtship,gular,Stem1,6.340706568,29.1376264
X29a,,Kenya,Courtship,gular,Stem2,6.470852717,20.167971
X29a,,Kenya,Courtship,midflank,Leaf_B1,4.4212621,16.1408418
X29a,,Kenya,Courtship,midflank,Leaf_B2,3.554126131,17.4595491
X29a,,Kenya,Courtship,midflank,Leaf_T1,2.231736547,31.7946884
X29a,,Kenya,Courtship,midflank,Leaf_T2,3.289282226,32.8704972
X29a,,Kenya,Courtship,midflank,Stem1,3.968387813,26.7093869
X29a,,Kenya,Courtship,midflank,Stem2,4.018587808,17.7397314
X29a,,Kenya,Courtship,tailbase,Leaf_B1,1.286367037,9.845413
X29a,,Kenya,Courtship,tailbase,Leaf_B2,1.832274222,11.1641204
X29a,,Kenya,Courtship,tailbase,Leaf_T1,5.027709826,25.4992596
X29a,,Kenya,Courtship,tailbase,Leaf_T2,2.533806048,26.5750685
X29a,,Kenya,Courtship,tailbase,Stem1,2.642766308,20.4139581
X29a,,Kenya,Courtship,tailbase,Stem2,3.094658323,11.4443027
X29a,,Kenya,Courtship,topflank,Leaf_B1,2.10879833,3.2857897
X29a,,Kenya,Courtship,topflank,Leaf_B2,1.275878141,4.6044971
X29a,,Kenya,Courtship,topflank,Leaf_T1,2.177304274,18.9396363
X29a,,Kenya,Courtship,topflank,Leaf_T2,1.038549833,20.0154452
X29a,,Kenya,Courtship,topflank,Stem1,2.569244658,13.8543348
X29a,,Kenya,Courtship,topflank,Stem2,3.131805614,4.8846794